"id","first_option","first_link","second_option","second_link","probability"
"start1","Paddenstoel aan de onderzijde met buisjes (poriën)","boleten1","Paddenstoel aan de onderzijde met lamellen of duidelijke aders, of onderzijde vrijwel glad","start2","1"
"start2","Paddenstoel ongesteeld of met korte zijdelings aangehechte steel","schelpzwammen1","Paddenstoel centraal gesteeld of iets excentrisch gesteeld","start3","1"
"start3","Paddenstoel aan de onderzijde met ± duidelijke aders of plooien, of onderzijde glad","start4","Paddenstoel aan de onderzijde met echte lamellen","start7","1"
"start4","Paddenstoel groeiend op oude (zwart geworden, rottende) vruchtlichamen van russula's en melkzwammen. Hoedoppervlak bepoederd","Asterophora lycoperdoides","Paddenstoel niet groeiend op oude vruchtlichamen van russula's en melkzwammen. Hoedoppervlak niet bepoederd","start5","1"
"start5","Paddenstoel klein en teer, hoed zuiver wit (maar steel kan gekleurd zijn)","start6","Paddenstoel groter en vleziger, en niet zuiver wit","cantharellen1","1"
"start6","Steel wit. Op de grond of begraven hout","Delicatula integrella","Steel donkerbruin in onderste helft. Op bladeren van eik of klimop","taailingen1","1"
"start7","Paddenstoel met opvallend bros vlees (steel breekt als een krijtje)","start8","Paddenstoel zonder opvallend bros vlees","start9","1"
"start8","Vruchtlichaam bij kneuzen met melksap. Onderzijde met doorlopende lamellen en tussenlamellen","melkzwammen1","Vruchtlichaam bij kneuzen zonder melksap. Onderzijde meestal met alleen doorlopende lamellen. (Indien met tussenlamellen, dan hoedhuid niet helder gekleurd en niet afstroopbaar.)","russulas1","1"
"start9","Geur zeer sterk, naar [[levertraan](Zuivere levertraan is een kleurloze of lichtgele olie, met een enigszins visachtige maar niet ranzige smaak en geur.)](https://nl.wikipedia.org/wiki/Levertraan). Steel fluwelig-harig ![Levertraancapsules die ik zo even nam van het internet](https://upload.wikimedia.org/wikipedia/commons/a/ad/Codliveroil.jpg) ![Ik heb er zo zelfs 2](https://upload.wikimedia.org/wikipedia/commons/a/ad/Codliveroil.jpg)","Macrocystidia cucumis","Geur niet naar levertraan","start10","1"
"start10","Sporee wit, wittig, licht geel, geel, zeer bleek roze of lila","start11","Sporee duidelijk gekleurd: groen, rood, oudroze, grijsroze, zalmkleurig, geelbruin, bruin, purperbruin tot zwart","start59","1"
"start11","Steelbasis met volvaresten (zakvormige volva of velumgordels of grofwrattige velumresten). Steel vaak met ring. Lamellen vrij","amanieten1","Steelbasis zonder velumresten. Steel al dan niet met ring","start12","1"
"start12","Steel met ring of duidelijke ringzone","start13","Steel zonder ring of ringzone [in twijfelgevallen beide coupletten proberen]","start18","1"
"start13","Lamellen vrij","parasolzwammen1","Lamellen smal tot breed aangehecht of op de steel aflopend","start14","1"
"start14","Hoed en steel korrelig-schubbig. Steel met duidelijke velumresten (maar zonder duidelijke ring)","start15","Niet met deze combinatie van kenmerken","start16","1"
"start15","Lamellen bij volwassen exemplaren gelig","Cystoderma jasonis","Lamellen bij volwassen exemplaren wit","Cystoderma amianthinum","1"
"start16","Hoed zeer slijmerig, jong grijs, maar snel wit wordend. Op beukenhout, op levende beuken of uit de kroon gevallen takken","Oudemansiella mucida","Hoed niet zeer slijmerig, niet wit","start17","1"
"start17","In bundels op hout, vaak met zwarte veter-achtige strengen in het substraat. Hoed gelig bruin","honingzwammen1","Op de grond, zonder zwarte strengen. Hoed grijs. Bij wilg","Tricholoma cingulatum","1"
"start18","Lamellen vrij","start19","Lamellen smal tot breed aangehecht tot aflopend","start20","1"
"start19","Lamellen dik en tamelijk wijd uiteen. Hoed glad, vettig, geel, oranje of rood, met spitse hoed","wasplaten1","Lamellen dun en (zeer) dicht opeen. Hoed met andere kleuren","parasolzwammen1","1"
"start20","Hoed en steel korrelig-schubbig. Steel met duidelijke velumresten","start15","Niet met deze combinatie van kenmerken","start21","1"
"start21","Paddenstoel groeiend op zwart geworden of verrotte vruchtlichamen van russula's en melkzwammen","Asterophora parasitica","Niet met deze kenmerken","start22","1"
"start22","Steelbasis met opvallende witte myceliumstrengen. Lamellen wijd uiteen. Op (begraven) hout (en daardoor schijnbaar op de grond tussen strooisel)","Megacollybia platyphylla","Steelbasis zonder witte strengen","start23","1"
"start23","Steel wortelend of met spoelvormig verlengde basis. Lamellen wijd uiteen","start24","Steel niet wortelend","start25","1"
"start24","Paddenstoel in bundels aan de voet van eiken. Hoed droog, aan de rand niet gerimpeld","Gymnopus fusipes","Paddenstoel solitair, op wortels van beuk. Hoed slijmerig, meestal gerimpeld","Xerula radicata","1"
"start25","Lamellen (opvallend) dik, wijd uiteen","start26","Lamellen dun, dicht opeen tot wijd uiteen","start27","1"
"start26","Lamellen roze tot paars, bij rijpheid wit bepoederd-overstoven door sporen","fopzwammen1","Lamellen met andere kleur, bij rijpheid niet bepoederd-overstoven","wasplaten1","1"
"start27","Paddenstoel op (soms begraven) kegels van naaldbomen groeiend","start28","Paddenstoel op andere substraten groeiend","start30","1"
"start28","Steel behaard. Lamellen zeer dicht opeen","Baeospora myosura","Steel (vrijwel) kaal. Lamellen niet opvallend dicht opeen","start29","1"
"start29","Lamellen vrij wijd uiteen. Geurloos","Strobilurus esculentus ss. lato","Lamellen normaal gedrongen. Met sterke radijsgeur. Steel na doorbreken meestal wit sap uitscheidend","Mycena galopus","1"
"start30","Paddenstoel kurkachtig-taai. Steel wit, met donkerbruine schubjes. Hoed bleek, met donkerbruine schubjes Lamelsnede gezaagd. Op hout","Lentinus tigrinus","Paddenstoel vlezig, soms wel wat taai. Hoed en steel zonder donkerbruine schubjes op bleke ondergrond","start31","1"
"start31","Steel donkerbruin fluwelig-harig. Hoed oranjebruin. Laat in het seizoen (winter)","Flammulina velutipes","Steel niet bruin en fluwelig-harig","start32","1"
"start32","Lamelsnede gezaagd. Lamellen zeer dicht opeen, smal aangehecht. Smaak bitter. Hoed wittig, later met roestbruine vlekken","Rhodocollybia maculata","Niet met deze combinatie van kenmerken","start33","1"
"start33","Lamellen regelmatig gevorkt. Hoed dooiergeel tot oranje","Hygrophoropsis aurantiaca","Lamellen niet of nauwelijks gevorkt","start34","1"
"start34","Lamellen op de steel aflopend. Hoed meestal trechtervormig of genaveld","start35","Lamellen smal tot breed aangehecht of bochtig aangehecht. Hoed meestal vlak tot convex","start44","1"
"start35","Steel dikker dan 3 mm. Vruchtlichaam vlezig","start36","Steel dunner, 0,2-3 mm. Vruchtlichaam dunvlezig","start38","1"
"start36","Paddenstoel in bundels groeiend","start37","Paddenstoel niet in dichte bundels groeiend","trechterzwammen1","1"
"start37","Hoed wit. Lamellen met toversteentje lila","Clitocybe connata","Hoed bruin. Lamellen met toversteentje niet verkleurend","Lyophyllum fumosum ss. lato","1"
"start38","Hoedoppervlak fijn behaard (L!). Steel fijn behaard. Tussen mos","start39","Hoedoppervlak kaal of poederig (L!). Steel kaal, vlokkig of behaard","start40","1"
"start39","Hoed en steel oranje","Rickenella fibula","Hoedcentrum en steeltop violetzwart","Rickenella swartzii","1"
"start40","Op levermossen (Marchantia)","Loreleia postii ss. lato","Op ander substraat","start41","1"
"start41","Lamellen overlangs splijtend. Op brandplekken","Myxomphalia maura","Lamellen niet overlangs splijtend. Niet op brandplekken","start42","1"
"start42","Vlees met duidelijke meelgeur. Hoed, steel en lamellen grijs","Mycena cinerella","Vlees zonder duidelijke meelgeur, soms wel met andere opvallende geur","start43","1"
"start43","Hoed en steel wit of helder gekleurd, geel, oranje, rood, roze of met violette tint. (indien meer somber gekleurd, dan op hout groeiend)","mycenas1","Hoed en steel blauwgroen, (rood)bruin tot donker grijsbruin","trechterzwammen1","1"
"start44","Lamellen uitgebocht (emarginaat), dwz vlak bij de steel versmald en een gootje vormend","start45","Lamellen niet uitgebocht","start51","1"
"start45","Op naaldhout groeiend. Hoed paarsrood. Lamellen grof-gewimperd, geel","Tricholomopsis rutilans","Op de grond groeiend. Niet met de combinatie van paarsrode hoed en gele lamellen","start46","1"
"start46","Lamellen bij beschadiging blauw of zwart vlekkend","Lyophyllum deliberatum ss. lato","Lamellen bij beschadiging niet blauw of zwart vlekkend","start47","1"
"start47","Hoed, steel en/of lamellen met paarse tint","schijnridderzwammen1","Paddenstoel zonder paarse tint","start48","1"
"start48","Voorjaarssoort. Hoed wittig tot crème. Geur melig, sterk","Calocybe gambosa","Paddenstoel in zomer en herfst groeiend; indien in voorjaar groeiend dan hoed niet wit en paddenstoel zonder meelgeur","start49","1"
"start49","Hoed dunvlezig, roze, met contrasterende witte lamellen. In graslanden","Calocybe carnea","Hoed dikvlezig, niet roze","start50","1"
"start50","Hoed met opvallende umbo (centrale bult), ingegroeid vezelig. In graslanden","veldridderzwammen1","Hoed zonder opvallende umbo. In bossen of bij verspreid staande bomen","ridderzwammen1","1"
"start51","Sporee okergeel. Lamellen zeer dicht open. Geur sterk, naar Limburgse kaas","Clitocybe nebularis","Sporee wittig tot hoogstens lichtgeel","start52","1"
"start52","Paddenstoel vlezig. Hoed wittig, als gevernist (glacé) uitziend. Op bladeren en naalden in bossen","Clitocybe phyllophila","Paddenstoel meer dunvlezig. Hoed niet als gevernist uitziend","start53","1"
"start53","Paddenstoel met duidelijke meelgeur. Hoed grauwbruin. Tussen veenmos, of op stikstofrijke plekken (bijv. plasplekken van konijnen)","start54","Paddenstoel zonder meelgeur. Hoed meestal niet grijs, donker grijsbruin tot zwart. Meestal op andere standplaatsen","start55","1"
"start54","Tussen veenmos","Lyophyllum palustre","Op stikstofrijke plekken (plasplekken van konijnen, rottende paddenstoelen)","Lyophyllum tylicolor","1"
"start55","Hoed wit tot wittig","start56","Hoed gekleurd","start58","1"
"start56","Lamellen dicht opeen. Op gemummificeerde resten van paddenstoelen. Steel aan de basis vaak met (geel) bruin of purper knolletje (sclerotium)","taailingen1","Lamellen niet dicht opeen. Niet op gemummificeerde resten van paddenstoelen. Steel zonder knolletje (sclerotium)","start57","1"
"start57","Hoed min of meer vlak. Steel vlokkig aan de basis","taailingen1","Hoed klokvormig. Steel kaal of fijn donzig-behaard","mycenas1","1"
"start58","Steel taai, dwz buigbaar zonder te breken","taailingen1","Steel niet taai, breekbaar (maar taai, glad en glanzend bij Mycena vitilis)","mycenas1","1"
"start59","Sporee duidelijk rozebruin tot zalmkleurig (oud roze), zelden rood. (Indien lichtroze dan eerst bij witsporige soorten uitsleutelen, terug naar couplet 10!)","start60","Sporee geelbruin, bruin, donkerbruin, purperbruin tot zwart","start63","1"
"start60","Sporee rood. Hoed poederig","Melanophyllum haematospermum","Sporee oudroze. Hoed niet poederig","start61","1"
"start61","Lamellen vrij","start62","Lamellen niet vrij, smal tot breed aangehecht of aflopend","satijnzwammen1","1"
"start62","Steel zonder volva","hertenzwammen1","Steel met volva (zak) aan de basis","beurszwammen1","1"
"start63","Sporee geelbruin, bruin tot roestbruin (dus niet zeer donker)","start64","Sporee donkerbruin, purperbruin tot (vrijwel) zwart","start93","1"
"start64","Lamellen aflopend","start65","Lamellen niet aflopend","start67","1"
"start65","Lamellen gemakkelijk van hoedvlees te scheiden","krulzomen1","Lamellen niet gemakkelijk van vlees te scheiden","start66","1"
"start66","Hoed wit, viltig, met gewimperde rand","Ripartites tricholoma","Hoed geelbruin tot bruin, aan de rand niet gewimperd","donsvoetjes1","1"
"start67","Paddenstoel met duidelijke ring","start68","Paddenstoel zonder duidelijke ring, wel soms met ringvormige velumresten of gordijn op de steel","start74","1"
"start68","Hoed slijmerig, blauwgroen, met witte vlokjes aan de rand","Stropharia caerulea","Hoed zonder blauwgroene tinten","start69","1"
"start69","Paddenstoel relatief fors, dikvlezig","start70","Paddenstoel relatief tenger, dunvlezig, in de hoed minder dan 1 mm dik","start73","1"
"start70","Hoed hygrofaan, bij droogte opblekend en dan met licht centrum en donker gekleurde rand. Steel onder de ring geschubd. In dichte bundels op loofhout","Kuehneromyces mutabilis","Hoed niet hygrofaan, bij droogte niet opblekend en niet opvallend tweekleurig","start71","1"
"start71","Paddenstoel op de grond, in bundels aan de basis van levende populieren, op populierenstronken, of op snipperhopen","leemhoeden1","Paddenstoel op hout, maar niet in bundels aan de basis van populieren","start72","1"
"start72","Vlees bitter smakend","Gymnopilus junonius","Vlees niet bitter smakend","bundelzwammen1","1"
"start73","Hoedoppervlak dof-glimmerig (L!). Meestal op kale, voedselrijke bodem","Pholiotina arrhenii-groep","Hoedoppervlak ingegroeid-vezelig. Tussen mos of op hout","mosklokjes1","1"
"start74","Vruchtlichaam bij rijpheid vervloeiend","start75","Vruchtlichaam bij rijpheid niet vervloeiend","start77","1"
"start75","Hoedrand gegroefd, met gelatineuze laag overdekt. Hoed breder dan hoog","start76","Hoedrand niet gegroefd, niet gelatineus. Hoed hoger dan breed, (vuil) wit","Conocybe albipes","1"
"start76","Op de grond","Bolbitius titubans","Op hout. Hoed (donker) violetgrijs","Bolbitius reticulatus","1"
"start77","Hoedoppervlak (L!) dof, bestaande uit ronde cellen en hoed daardoor dof-glimmerig tot iets korrelig","start78","Hoedoppervlak ingegroeid vezelig, of met opstaande haren, vlokken of schubben, soms slijmerig-kleverig","start82","1"
"start78","Hoedoppervlak iets schilferig-pluizig. Bij els of wilg","zompzwammen1","Hoedoppervlak dof-glimmerig","start79","1"
"start79","Hoed met olijfgroene tinten (soms weinig opvallend)","Simocybe centunculus-groep","Hoed zonder olijfgroene tint","start80","1"
"start80","Steel vlokkig. Op beukennapjes","Flammulaster subincarnatus","Steel niet vlokkig, soms wel bepoederd. Op andere substraten","start81","1"
"start81","Paddenstoel relatief vlezig. Steel overlangs vezelig","leemhoeden1","Paddenstoel slank, Mycena-achtig, dunvlezig. Steel bepoederd of harig","breeksteeltjes1","1"
"start82","Sporee roestbruin","gordijnzwammen1","Sporee niet roestbruin, maar geelbruin tot vaalbruin","start83","1"
"start83","Hoedoppervlak duidelijk slijmerig-kleverig, soms met in slijm ingebedde schubjes","start84","Hoedoppervlak glad (soms iets vettig-kleverig), vezelig tot harig-fijnschubbig tot grof schubbig","start85","1"
"start84","Steel vezelig, niet bepoederd. Sporee geelbruin. Geur niet naar radijs","bundelzwammen1","Steel tenminste aan de top of over de gehele lengte bepoederd. Sporee vaalbruin. Geur naar radijs of gebrande suiker","vaalhoeden1","1"
"start85","Hoed met rechtopstaande schubben","start86","Hoed glad, vezelig tot harig of fijn schubbig","start87","1"
"start86","Sporee geelbruin. Op hout (soms op begraven hout en dan schijnbaar op de grond groeiend), vaak in bundels","bundelzwammen1","Sporee vaalbruin. Op de grond, nooit in bundels","vezelkoppen1","1"
"start87","Hoed hygrofaan, vaak (maar niet altijd) doorschijnend gestreept. Paddenstoel klein, dunvlezig","start88","Hoed niet hygrofaan, bij opdrogen nauwelijks verblekend, zonder gestreepte rand, relatief dikvlezig","start89","1"
"start88","Op hout of tussen mos","mosklokjes1","In bossen en struwelen, bij els of wilg","zompzwammen1","1"
"start89","Paddenstoel op hout groeiend","start90","Paddenstoel op de grond groeiend","start91","1"
"start90","Hoed en steel met witte schubben. Op zaagvlak van populierenstammen","Hemipholiota populnea","Hoed en steel zonder witte schubben. Lamellen geelbruin, wat vlekkerig","Gymnopilus penetrans","1"
"start91","Paddenstoel op afgeplagde vochtige heidevelden of brandplekken. Hoed en vlees met gele tinten","Gymnopilus fulgens","Paddenstoel in bossen of in met bomen beplante wegbermen","start92","1"
"start92","Bij els of wilg op vochtige bodem. Hoedoppervlak wat pluizig, mat","zompzwammen1","Bij andere bomen, op droge tot vochtige bodem. Hoed satijnig, vezelig, vezelspletig, wollig tot aanliggend vezelig-schubbig (en schubben later opbrekend)","vezelkoppen1","1"
"start93","Lamellen aflopend, dik en wijd uiteen. Bij naaldbomen","spijkerzwammen1","Lamellen niet aflopend, niet dik en wijd uiteen","start94","1"
"start94","Steel met ring","start95","Steel zonder ring","start98","1"
"start95","Lamellen vrij, meestal zeer dicht opeen","champignons1","Lamellen aangehecht","start96","1"
"start96","Hoed glad, vezelig, kleverig tot slijmig ingegroeid vezelig tot schubbig","kaalkopjes1","Hoed dof-glimmerig, uit ronde cellen bestaand (L!), soms met velum overdekt, vooral naar de hoedrand","start97","1"
"start97","Sporen ongelijktijdig rijp wordend, daardoor lamellen vlekkerig-gemarmerd. Steel meestal met zelfde kleur als hoed","vlekplaten1","Sporen gelijktijdig rijpend, daardoor lamellen niet vlekkerig-gemarmerd. Steel meestal wittig","franjehoeden1","1"
"start98","Lamellen tranend, bij rijpe exemplaren waterige druppels uitscheidend","Lacrymaria lacrymabunda","Lamellen bij volwassen exemplaren niet tranend","start99","1"
"start99","Lamellen bij rijpheid vervloeiend of bijna verdwijnend","inktzwammen1","Lamellen bij rijpheid niet vervloeiend","start100","1"
"start100","Hoed opvallend radiair geplooid-gegroefd","parasolzwammen1","Hoed niet opvallend geplooid-gegroefd","start101","1"
"start101","Hoed en / of steel slijmerig","kaalkopjes1","Hoed en steel droog","start102","1"
"start102","Sporee met purpertint","kaalkopjes1","Sporee zonder purpertint","start103","1"
"start103","Sporen ongelijktijdig rijp wordend, daardoor lamellen vlekkerig-gemarmerd. Steel meestal met zelfde kleur als hoed. Meestal in bemeste graslanden","vlekplaten1","Sporen + gelijktijdig rijpend, daardoor lamellen egaal zwart, niet vlekkerig-gemarmerd","start104","1"
"start104","Hoed kaal of fijn-vezelig","franjehoeden1","Hoed met fijne opstaande haartjes. In dichte bundels op hout of solitair op mest groeiend","inktzwammen1","1"
"boleten1","Paddenstoel taai, niet vlezig. Buisjes niet van vlees te scheiden","gaatjeszwammen1, niet behandeld","Paddenstoel vlezig, vergankelijk. Buisjes gemakkelijk van vlees te scheiden","boleten2","1"
"boleten2","Paddenstoel aangehecht aan vruchtlichamen van de aardappelbovist","Pseudoboletus parasiticus","Paddenstoel niet aangehecht aan vruchtlichamen van de aardappelbovist","boleten3","1"
"boleten3","Steel met ring","boleten4","Steel zonder ring","boleten6","1"
"boleten4","Hoed viltig, droog, oranjebruin tot steenrood, soms geel. Steel hol. Bij lariks","Suillus cavipes","Hoed slijmerig, bruin of geel, Steel niet hol","boleten5","1"
"boleten5","Steel boven de ring wit, met kleine bruine stippeltjes. Hoed bruin. Bij den","Suillus luteus","Steel boven de ring geel, kaal. Hoed geel ror bruingeel. Bij lariks","Suillus grevillei","1"
"boleten6","Steelbasis met fel geel vilt. Vlees in steelbasis fel geel. Smaak (soms na enige tijd) zeer scherp","Chalciporus piperatus","Steelbasis zonder fel geel vilt. Vlees gewoonlijk mild, soms bitter","boleten7","1"
"boleten7","Steel hol of gekamerd. Sporee strogeel","Gyroporus castaneus","Steel gevuld, niet hol. Sporee roze tot geelbruin, olijfbruin tot donkerbruin","boleten8","1"
"boleten8","Steeloppervlak met een duidelijk netwerk","boleten9","Steeloppervlak zonder netwerk, glad of met schubjes","boleten14","1"
"boleten9","Buisjes roze. Sporee roze. Smaak bitter. Netwerk op de steel licht bruin","Tylopilus felleus","Buisjes niet roze. Sporee geelbruin tot olijfbruin Smaak meestal niet bitter. Netwerk wit, geel of rood","boleten10","1"
"boleten10","Netwerk geel tot rood. Buisjes geel tot rood","boleten11","Netwerk wit. Buisjes wit tot olijfgeel","boleten13","1"
"boleten11","Netwerk geel. Vlees aan de lucht niet blauw verkleurend","boleten12","Netwerk rood. Vlees aan de lucht donker blauw verkleurend","Boletus luridus","1"
"boleten12","Hoed fluwelig-viltig. Steel gelijkdik, naar de basis soms versmald. Smaak mild","Xerocomus subtomentosus","Hoed glad. Steel naar de basis knotsvormig opgezwollen. Smaak bitter","Boletus radicans","1"
"boleten13","Netwerk alleen aan de steeltop, tot maximaal halverwege doorlopend. Hoed vettig","Boletus edulis","Netwerk vaak tot aan de steelbasis doorlopend. Hoed viltig","Boletus reticulatus","1"
"boleten14","Steel naar de basis sterk knotsvormig gezwollen. Porien oranje tot rood. Vlees aan de lucht snel en intens blauw verkleurend. Steel met fijne rode vlokjes. Vlees mild","Boletus erythropus","Steel naar de basis gelijkdik tot hoogstens iets dikker wordend","boleten15","1"
"boleten15","Vlees in steel en hoed aan de lucht opvallend verkleurend, donkerblauw of eerst rozerood en dan violetzwart","boleten16","Vlees aan de lucht niet verkleurend, of blauw in de hoed wordend maar wit in steel, of wit in hoed en blauwgroen in steelbasis","boleten18","1"
"boleten16","Steel geel aan de top, glad, zonder schubjes. Vlees aan de lucht snel donkerblauw verkleurend","Boletus pulverulentus","Steel wittig, met duidelijk donkerder schubjes. Vlees aan de lucht violetgrijs, of eerst rozerood, later violetzwart","boleten17","1"
"boleten17","Hoed roodbruin. Vlees aan de lucht violetgrijs verkleurend","Leccinum aurantiacum ss. lato","Hoed grijs tot bruin. Vlees aan de lucht rozerood, later violetzwart","Leccinum duriusculum","1"
"boleten18","Steel met grijzige, bruine tot zwarte schubjes","boleten19","Steel glad","boleten21","1"
"boleten19","Hoed donkerbruin met okerkleurige of grauw-witte vlekken. Vlees stevig","Leccinum variicolor","Hoed zonder okerkleurige vlekken. Vlees relatief week","boleten20","1"
"boleten20","Steel bleek, met kleine, donkerder afstaande schubjes. Steelbasis zonder blauwgroene tint","Leccinum scabrum","Steel grijzig met nauwelijks contrasterende, aanliggende wollige schubjes. Steelbasis met blauwgroene tint","Leccinum cyaneobasileucum","1"
"boleten21","Hoed slijmig","boleten22","Hoed droog","boleten24","1"
"boleten22","Poriën geelgroen tot geelbruin, bij beschadiging vuil blauwgroen. Hoed kastanjebruin","Xerocomus badius","Poriën bij beschadiging niet vuil blauwgroen. Hoed okerbruin, oranjebruin of lichtbruin","boleten23","1"
"boleten23","Steel met gele spikkeltjes. Poriën rond, in jonge toestand met witte druppeltjes","Suillus granulatus","Steel zonder gele spikkeltjes. Poriën grover, onregelmatig-hoekig, zonder witte druppeltjes","Suillus bovinus","1"
"boleten24","Hoed wollig-schubbig. Bij den","Suillus variegatus","Hoed fluwelig, soms gecraqueleerd, maar nooit wollig-schubbig. Meestal bij loofbomen","boleten25","1"
"boleten25","Hoed bloedrood tot kersrood","Xerocomus rubellus","Hoed niet zo helder rood getint","boleten26","1"
"boleten26","Poriën helder geel. Hoed niet openbarstend","Xerocomus subtomentosus","Poriën okergeel, olijfgeel of groenig geel","boleten27","1"
"boleten27","Poriën geelgroen tot geelbruin, bij beschadiging vuil blauwgroen. Hoed kastanjebruin","Xerocomus badius","Poriën bij beschadiging niet vuil blauwgroen, soms wel blauw","boleten28","1"
"boleten28","Hoed donker grijsbruin. Vlees onder hoedoppervlak zonder rode tint","Xerocomus porosporus","Hoed niet zo donker gekleurd. Vlees onder hoedoppervlak roze tot rood","boleten29","1"
"boleten29","Vlees in de uiterste steelbasis met fel oranje stipjes (L!, soms slechts enkele aanwezig). Poriën en vlees niet blauw verkleurend","Xerocomus declivitatum","Vlees zonder oranje stipjes. Poriën en vlees blauw verkleurend na kneuzing","Xerocomus cisalpinus","1"
"schelpzwammen1","Onderzijde vrijwel glad of met aders, zonder duidelijke lamellen","schelpzwammen2","Onderzijde met duidelijke lamellen","schelpzwammen4","1"
"schelpzwammen2","Op takjes. Hoed geelbruin, oranjebruin of soms blauwig, naar de rand wittig","Plicaturopsis crispa","Op kruidachtigen of mossen. Hoed wit, gelig of licht grijs","schelpzwammen3","1"
"schelpzwammen3","Op mossen","Arrhenia retiruga","Op kruidachtigen (vaak brandnetel)","Calyptella capula-groep","1"
"schelpzwammen4","Lamellen overlangs gespleten, bij droogte naar beide naastliggende lamellen omkrullend. Op loofhout (soms naaldhout), vooral op open plaatsen","Schizophyllum commune","Lamellen niet gespleten, niet bij droogte omkrullend","schelpzwammen5","1"
"schelpzwammen5","Lamellen grof-gekarteld gezaagd. Geur sterk naar anijs","Lentinellus cochleatus","Lamellen niet grof gekarteld-gezaagd; lamelsnede gaaf tot bewimperd","schelpzwammen6","1"
"schelpzwammen6","Sporee bruin","schelpzwammen7","Sporee wit tot oudroze","schelpzwammen12","1"
"schelpzwammen7","Lamellen gemakkelijk van hoedvlees te scheiden. Paddenstoel relatief dikvlezig. Op naaldhout","Tapinella panuoides","Lamellen niet van vlees te scheiden. Paddenstoel dunvlezig","schelpzwammen8","1"
"schelpzwammen8","Hoed wit tot geelachtig. Steel alleen in zeer jonge exemplaren zichtbaar, paddenstoel later zijdelings aangehecht. Sporee geelbruin tot rozebruin. Op hout of stengels van kruidachtige planten","schelpzwammen9","Hoed bruin tot grijsbruin. Steel excentrisch of zijdelings aangehecht, ook duidelijk zichtbaar bij oudere vruchtlichamen","schelpzwammen11","1"
"schelpzwammen9","Vlees met een elastische, gelatineuze laag","Crepidotus mollis","Vlees zonder elastische, gelatineuze laag","schelpzwammen10","1"
"schelpzwammen10","Hoed geel. Op stengels van kruiden","Crepidotus luteolus","Hoed wit. Op takjes","Crepidotus variabilis ss. lato","1"
"schelpzwammen11","Hoed glad, grijsbruin. Sporee licht purperbruin","Deconica horizontalis ss. lato","Hoed iets melig-korrelig (L!), niet glad, geelbruin (met olijftint). Sporee bruin. Meestal op takjes","Simocybe haustellaris","1"
"schelpzwammen12","Sporee oudroze","schelpzwammen13","Sporee wit of bleek geel","schelpzwammen14","1"
"schelpzwammen13","Groot. Hoedhuid gelatineus, sterk geaderd. Hoed oranjeroze. Op iepenhout","Rhodotus palmatus","Klein. Hoedhuid niet gelatineus, oppervlak niet geaderd, wit","Clitopilus hobsonii","1"
"schelpzwammen14","Paddenstoel in jonge toestand met velum aan de hoedrand","Pleurotus dryinus","Paddenstoel zonder velum","schelpzwammen15","1"
"schelpzwammen15","Hoedhuid en vlees met gelatineuze laag","schelpzwammen16","Hoedhuid en vlees zonder gelatineuze laag (maar soms lamelsnede gelatineus!)","schelpzwammen18","1"
"schelpzwammen16","Hoed geelgroen tot donker groenbruin. Laat in het jaar verschijnend","Sarcomyxa serotina","Hoed zonder groene tinten","schelpzwammen17","1"
"schelpzwammen17","Hoed klein, tot 15 mm, donker grijsbruin, fijn schubbig-harig. Lamellen grijzig met witte snede","Resupinatus applicatus ss. lato","Hoed groter, tot 40 mm, viltig. Lamellen wit, zonder opvallend gekleurde snede","Hohenbuehelia atrocoerulea-groep","1"
"schelpzwammen18","Vlees scherp smakend, als peper. Hoed grauw okergeel. Op eikenhout","Panellus stipticus","Vlees niet scherp smakend","schelpzwammen19","1"
"schelpzwammen19","Op naaldhout. Hoed wit, klein. Lamelsnede gelatineus","Panellus mitis","Op loofhout. Hoed gekleurd of wit, groot. Lamelsnede niet gelatineus","Pleurotus ostreatus","1"
"melkzwammen1","Melksap oranje (kleur van worteltjes)","melkzwammen2","Melksap met andere kleur","melkzwammen3","1"
"melkzwammen2","Onder den. Hoed zonder groenige tinten","Lactarius deliciosus","Onder fijnspar. Hoed met duidelijk groene tinten","Lactarius deterrimus","1"
"melkzwammen3","Hoed wittig of zeer bleek gekleurd, ook bij jonge exemplaren","melkzwammen4","Hoed duidelijk gekleurd, vooral bij jonge exemplaren","melkzwammen6","1"
"melkzwammen4","Hoed groot, meer dan 10 cm diameter","melkzwammen5","Hoed kleiner, minder dan 10 cm diameter. Hoedrand wollig-harig. Bij berk","Lactarius pubescens","1"
"melkzwammen5","Hoed kleverig. Lamellen roze. Melksap scherp. Bij populier en kruipwilg","Lactarius controversus","Hoed fluwelig-viltig. Lamellen zonder roze. Melksap mild (maar vlees wel scherp!). Bij loofbomen, maar niet bij populier of wilg","Lactifluus vellereus","1"
"melkzwammen6","Hoedrand wollig-harig ('baardig'). Bij berk","melkzwammen7","Hoedrand zonder haren, soms is de hoedrand wel iets fluweliger dan de rest van het hoedoppervlak","melkzwammen8","1"
"melkzwammen7","Hoed sterk concentrisch gezoneerd, vleeskleurig of meer oranjebruin","Lactarius torminosus","Hoed niet of nauwelijks gezoneerd, bleek roze of oranje","Lactarius pubescens","1"
"melkzwammen8","Melksap wit, aan de lucht meteen zwavelgeel verkleurend. Hoed oker, concentrisch gezoneerd. Bij eik","Lactarius chrysorrheus","Melksap niet aan de lucht onmiddellijk zwavelgeel (maar soms wel op een zakdoek na enkele minuten geel wordend)","melkzwammen9","1"
"melkzwammen9","Hoed kleverig tot slijmerig","melkzwammen10","Hoed droog","melkzwammen15","1"
"melkzwammen10","Hoed donker grijsgroen, groenig bruin tot bijna groenig zwart","melkzwammen11","Hoed zonder groenige tinten","melkzwammen12","1"
"melkzwammen11","Hoed aan de rand fluwelig, elders glad en kleverig, groenig bruin tot bijna groenig zwart. Lamellen crème met bruine vlekjes. Bij naaldbomen en berk","Lactarius necator","Hoed aan de rand niet fluwelig, grijsgroen. Lamellen wit, zonder bruine vlekken. Bij beuk","Lactarius blennius","1"
"melkzwammen12","Hoed oranje, concentrisch gezoneerd","Lactarius zonarius","Hoed niet oranje, meestal zonder concentrische zones","melkzwammen13","1"
"melkzwammen13","Lamellen ver uiteen, geel. Bij hazelaar","Lactarius pyrogalus","Lamellen vrij dicht opeen, crème tot wittig","melkzwammen14","1"
"melkzwammen14","Melksap bij opdrogen wat gelig, lamellen crème. Hoed grijsbruin. Bij haagbeuk","Lactarius circellatus","Melksap bij opdrogen grijzig, lamellen wit. Hoed grijs tot grijzig roodbruin. Bij berk","Lactarius vietus","1"
"melkzwammen15","Paddenstoel met duidelijke kokosgeur. Bij berk","Lactarius glyciosmus","Paddenstoel zonder kokosgeur, soms wel met andere opvallende geur","melkzwammen16","1"
"melkzwammen16","Hoed viltig tot fijn schubbig. Paddenstoel bij opdrogen sterk naar maggi ruikend. Melksap waterig","Lactarius helvus","Hoed kaal, niet viltig of fijn schubbig","melkzwammen17","1"
"melkzwammen17","Vruchtlichaam klein, hoeddiameter meestal minder dan 3 cm. Bij els","melkzwammen18","Vruchtlichaam groter, hoeddiameter meestal meer dan 5 cm. Niet bij els","melkzwammen19","1"
"melkzwammen18","Hoed oranjerood, zonder groene tint","Lactarius omphaliformis","Hoed bruin, met opvallende groene of olijftint in het centrum","Lactarius obscuratus","1"
"melkzwammen19","Hoed helder oranje, steenrood tot oranjebruin","melkzwammen20","Hoed minder helder gekleurd, oker, bruin tot donker roodbruin","melkzwammen21","1"
"melkzwammen20","Hoed helder oranje tot oranjerood","Lactarius aurantiacus","Hoed steenrood tot roodbruin","Lactarius fulvissimus","1"
"melkzwammen21","Hoed in het centrum met een opvallende papil. Melksap zeer scherp. Bij berk en naaldbomen","Lactarius rufus","Hoed in het centrum zonder opvallende papil. Melksap niet zeer scherp","melkzwammen22","1"
"melkzwammen22","Hoed niet vlekkerig/schilferig","melkzwammen23","Hoed duidelijk vlekkerig of wat schilferig, geelbruin tot roodbruin. Geur opvallend, naar bedwantsen. Bij eik","Lactarius quietus","1"
"melkzwammen23","Hoedrand (vooral bij jonge exemplaren) opvallend bleker, gekarteld. Hoed leverkleurig. Melksap wit, op een zakdoek geel verkleurend. Bij naaldbomen, meestal laat in het jaar","Lactarius hepaticus","Hoedrand niet opvallend bleker en niet gekarteld. Meestal bij loofbomen","melkzwammen24","1"
"melkzwammen24","Melksap waterig, bijna doorzichtig. Lamellen gelig. Geur naar bedwantsen","Lactarius serifluus","Melksap wit, ondoorzichtig","melkzwammen25","1"
"melkzwammen25","Paddenstoel bij opdrogen met sterke maggigeur. Melksap mild","Lactarius camphoratus","Paddenstoel bij opdrogen zonder maggigeur","melkzwammen26","1"
"melkzwammen26","Melksap met duidelijk bittere (na)smaak. Bij beuk","Lactarius subdulcis","Melksap zonder bittere (na)smaak","melkzwammen27","1"
"melkzwammen27","Hoedoppervlak opvallend gerimpeld, vooral in het centrum, geelbruin tot bruinoranje","Lactarius tabidus","Hoedoppervlak niet gerimpeld. Hoed oranjebruin tot roodbruin","Lactarius lacunarum","1"
"russulas1","Hoed wit of donker bruin, hoedhuid niet aftrekbaar. Lamellen met tussenlamellen","russulas2","Hoed gekleurd, indien wit of bruin dan hoedhuid aftrekbaar en tussenlamellen afwezig","russulas4","1"
"russulas2","Hoed vuilwit. Vlees niet verkleurend","Russula delica","Hoed bruin. Vlees aan de lucht uiteindelijk zwartachtig verkleurend","russulas3","1"
"russulas3","Lamellen zeer dik, zeer wijd uiteen","Russula nigricans","Lamellen dun, dicht opeen","Russula densifolia","1"
"russulas4","Hoedrand opvallend gegroefd, daardoor wat knobbelig. Hoed meestal bruin of geelbruin","russulas5","Hoedrand niet opvallend gegroefd en knobbelig","russulas7","1"
"russulas5","Vruchtlichaam fors, hoeddiameter tot 15 cm. Geur onaangenaam zoetig","Russula foetens","Vruchtlichaam minder fors, hoeddiameter gewoonlijk minder dan 8 cm. Geur zonder zoete component","russulas6","1"
"russulas6","Vlees scherm smakend. Steelbasis zonder koperkleurige vlekjes","Russula amoenolens","Vlees mild smakend (maar onaangenaam). Steelbasis met koperkleurige vlekjes","Russula pectinatoides","1"
"russulas7","Steelvlees met toversteentje groen verkleurend. Paddenstoel met een typische geur, vissig","russulas8","Steelvlees met toversteentje niet groen verkleurend. Geur vrijwel nooit vissig","russulas9","1"
"russulas8","Hoed rood. Bij wilg","Russula subrubens","Hoed variabel gekleurd. Gewoonlijk bij eik of beuk","Russula graveolens ss. lato","1"
"russulas9","Hoed geel","russulas10","Hoed niet geel, soms wel met verspreide gele vlekken, vooral bij ouder worden","russulas14","1"
"russulas10","Steelbasis met violette tint. Hoed bijna fluwelig","Russula violeipes","Steelbasis zonder violette tint. Hoed niet fluwelig","russulas11","1"
"russulas11","Lamellen en steel geel. Geur naar vruchtencompote. Smaak scherp. Bij beuk","Russula fellea","Lamellen en steel wit","russulas12","1"
"russulas12","Smaak zeer scherp","Russula solaris","Smaak mild tot hoogstens iets scherp","russulas13","1"
"russulas13","Hoed chromaatgeel. Bij berk op vochtige standplaatsen","Russula claroflava","Hoed matgeel. Bij loof- en naaldbomen, niet beperkt tot vochtige standplaatsen","Russula ochroleuca","1"
"russulas14","Lamellen vettig, dwz dat ze niet gemakkelijk afbrokkelen","Russula cyanoxantha","Lamellen niet vettig, gemakkelijk afbrokkelend","russulas15","1"
"russulas15","Hoed groen, blauwgroen, blauwgrijs of grijs","russulas16","Hoed met andere tint","russulas19","1"
"russulas16","Hoed groen","russulas17","Hoed blauwgrijs tot grijs, soms meer blauwgroen, vaak opvallend berijpt, vooral in het centrum","Russula grisea ss. lato","1"
"russulas17","Lamellen opvallend gevorkt bij de steel","Russula heterophylla","Lamellen niet opvallend gevorkt bij de steel","russulas18","1"
"russulas18","Hoed viltig, openbarstend. Vlees stevig","Russula virescens","Hoed glad, niet openbarstend. Vlees bros","Russula aeruginea","1"
"russulas19","Smaak (zeer) scherp","russulas20","Smaak mild tot nauwelijks scherp, soms iets bitter (in twijfelgevallen beide coupletten proberen!)","russulas30","1"
"russulas20","Hoed met rode of roze tinten, tenminste in jonge toestand","russulas21","Hoed met overwegend andere kleuren, soms kunnen roodachtige tinten ook aanwezig zijn, gemengd met groene en/of paarse tinten","russulas26","1"
"russulas21","Vlees direct onder de hoedhuid roze. Lamellen met blauwige zweem. Vlees stevig. Bij beuk","Russula mairei","Vlees direct onder de hoedhuid niet roze. Lamellen zonder blauwe zweem. Vlees niet stevig","russulas22","1"
"russulas22","Lamellen (helder) geel","russulas23","Lamellen wit tot wittig","russulas24","1"
"russulas23","Bij loofbomen. Steel wit","Russula decipiens-groep","Bij naaldbomen. Steel met paarse inslag","Russula sardonia","1"
"russulas24","Hoed eenkleurig rood, niet verblekend bij ouder worden","Russula emetica ss. lato","Hoed bij ouder wordend opblekend, tot roze, of zelfs vrijwel wittig","russulas25","1"
"russulas25","Sporee zuiver wit. Opvallend broze paddenstoel op voedselarme bodem bij berk","Russula betularum","Sporee crèmekleurig. Paddenstoel vrij stevig. Op rijkere bodem bij eik, beuk en kruipwilg","Russula persicina","1"
"russulas26","Lamelsnede fijn gezaagd. Steel zonder reactie op toversteentjes. Vruchtlichaam met kokosgeur","Russula fragilis","Lamelsnede niet gezaagd. Steel oranje met toversteentjes","russulas27","1"
"russulas27","Hoed in jonge toestand donker purper tot zwartpurper, langzaam opblekend en met gele vlekken. Bij loofbomen, hoofdzakelijk eik. Smaak alleen scherp in de lamellen","Russula undulata","Hoed niet later opblekend met gele vlekken","russulas28","1"
"russulas28","Lamellen wittig. Bij wilg","Russula laccata","Lamellen duidelijk geel gekleurd. Bij berk","russulas29","1"
"russulas29","Steel bij ouderdom geel verkleurend. Hoed in het centrum groenig bruin tot groengeel","Russula versicolor","Steel bij ouderdom niet geel verkleurend. Hoed in het centrum zonder groene tint, meestal paars sterk ontkleurend","Russula exalbicans","1"
"russulas30","Hoedhuid vlak voor hoedrand ophoudend. Smaak nootachtig. Vlees hard. Lamellen bij de steel gevorkt","Russula vesca","Hoedhuid tot aan de hoedrand doorlopend. Smaak niet nootachtig. Lamellen meestal niet bij de steel gevorkt","russulas31","1"
"russulas31","Hoed met overwegend rode tinten","russulas32","Hoed met overwegend andere kleuren","russulas37","1"
"russulas32","Bij den. Hoed meer dan 10 cm","Russula paludosa","Bij loofbomen. Hoed meestal minder dan 10 cm","russulas33","1"
"russulas33","Geur naar menthol. Smaak bitter","Russula pseudointegra","Geur niet naar menthol. Smaak niet bitter","russulas34","1"
"russulas34","Lamellen wit, met roodachtige snede (vooral vlakbij de hoedrand)","Russula velenovskyi","Lamellen geel. Snede meestal gelijkkleurig","russulas35","1"
"russulas35","Geur fruitig","russulas36","Geur onopvallend","Russula nitida","1"
"russulas36","Vlees gelig verkleurend. Hoedrand iets gegroefd","Russula odorata","Vlees wit blijvend. Hoedrand niet gegroefd","Russula risigallina","1"
"russulas37","Hoed in jonge toestand donker purper tot zwartpurper, langzaam opblekend en met gele vlekken. Bij loofbomen, hoofdzakelijk eik","Russula undulata","Hoed niet later opblekend met gele vlekken","russulas38","1"
"russulas38","Hoed met opvallende papil. Smaak van hoedhuid bitter. Bij den","Russula caerulea","Hoed zonder papil. Hoedhuid mild smakend. Steel geel verkleurend","russulas39","1"
"russulas39","Hoedrand glad","Russula brunneoviolacea","Hoedrand gegroefd","russulas40","1"
"russulas40","Hoed in het centrum groenig bruin tot groengeel","Russula versicolor","Hoed in het centrum zeer donker purperbruin","Russula puellaris","1"
"amanieten1","Steel zonder ring. Hoedrand tot halverwege radiair gegroefd","amanieten2","Steel met ring. Hoedrand glad of radiair gegroefd","amanieten3","0.85"
"amanieten2","Hoed oranjebruin. Hoofdzakelijk op zure zandgrond bij berk, eik en beuk","Amanita fulva","Hoed grijs. Hoofdzakelijk op basenrijkebodem, hoofdzakelijk bij eik en populier","Amanita vaginata","0.85"
"amanieten3","Hoedrand glad (bekijk volwassen exemplaren)","amanieten4","Hoedrand radiar gegroefd","amanieten8","0.65"
"amanieten4","Volva als een losse zak om de steelbases zittend. Hoed met groene tinten, meestal zonder velumschubjes of -wratjes","Amanita phalloides","volva niet als losse zak maar in de vorm van wratten en schubben aan de steelbasis. Hoed met velumshubjes of wratjes","amanieten5","0.65"
"amanieten5","Ring aan de bovenzijde gestreept","amanieten6","Ring aan de bovenzijde glad","amanieten7","0.65"
"amanieten6","Vlees aan de lucht bruidrood verkleurend, daardoor steel met roodbruine tint. Wratjes op hoed rossig","Amanita rubescens","Vlees aan de lucht niet verkleurd, daardoor steel zonder rode tinten. Wratjes op hoed grijzig","Amanita excelsa","0.55"
"amanieten7","Hoed geel tot wit. Ring wit","Amanita citrina","Hoed grijsbruin. Ring aan de bovenzijde grijs","Amanita porphyria","0.65"
"amanieten8","Hoed oranje tot rood, meestal met witte schubjes","Amanita muscaria","Hoed (bleek) geel tot bruin","amanieten9","1"
"amanieten9","Hoed wasgeel. Ring vluchtig, steel soms met slechts enkele vage flarden van een ring","Amanita gemmata","Hoed bruin. Ring duidelijk ontwikkeld","Amanita pantherina","0.85"
"parasolzwammen1","Zeer forse paddenstoelen; hoed 10-25 cm diameter, met opgewipte grove schubben","parasolzwammen2","Kleinere paddenstoelen; indien groot dan hoed vrijwel glad of met kleine maar dicht opeenstaande pyramide- achtige schubjes","parasolzwammen4","1"
"parasolzwammen2","Steel gebandeerd. Vlees wit","Macrolepiota procera","Steel niet gebandeerd. Vlees aan de lucht oranje tot roodbruin verkleurend","parasolzwammen3","1"
"parasolzwammen3","Schubben op de hoed duidelijk donkerder dan de achtergrond","Chlorophyllum rhacodes","Schubben op de hoed ongeveer net als de achtergrond gekleurd","Chlorophyllum olivieri","1"
"parasolzwammen4","Hoedrand opvallend gegroefd","Leucocoprinus brebissonii","Hoedrand niet opvallend gegroefd","parasolzwammen5","1"
"parasolzwammen5","Hoed met fijn wittig poeder overdekt","parasolzwammen6","Hoedbedekking niet fijn-poederig","parasolzwammen7","1"
"parasolzwammen6","Hoed bij beschadiging rood verkleurend","Cystolepiota hetieri","Hoed bij beschadiging niet rood verkleurend","Cystolepiota seminuda","1"
"parasolzwammen7","Hoed vrijwel wit","parasolzwammen8","Hoed gekleurd","parasolzwammen9","1"
"parasolzwammen8","Hoed groot, meer dan 10 cm, zijdeachtig. Steel kaal. Vlees geel verkleurend","Leucoagaricus leucothites","Hoed kleiner, tot 7 cm, vezelig. Steel vezelig. Vlees niet geel verkleurend","Lepiota erminea","1"
"parasolzwammen9","Hoed met relatief dikke, pyramide-achtige schubjes","parasolzwammen10","Schubjes op de hoed vezelig, plat liggend of alleen aan de uiteinden opgericht","parasolzwammen11","1"
"parasolzwammen10","Hoed groot, meer dan 10 cm. Lamellen gevorkt","Lepiota aspera","Hoed kleiner, tot 8 cm. Lamellen niet gevorkt","Lepiota echinacea-groep","1"
"parasolzwammen11","Steel sterk wollig, met (bleek) geel velum overdekt","Lepiota magnispora","Steel niet met geel velum wollig overdekt","parasolzwammen12","1"
"parasolzwammen12","Hoedcentrum glad, roodbruin. Schubben aanliggend. Geur sterk, naar fietsbanden of rubber","Lepiota cristata","Hoed in centrum niet glad. Geur niet opvallend","parasolzwammen13","1"
"parasolzwammen13","Hoed en steel met roze tot rozebruine tint","Lepiota subincarnata","Hoed en steel donkerder","parasolzwammen14","1"
"parasolzwammen14","Ring afwezig. Steel met donkerder gordeltjes","Lepiota brunneoincarnata","Ring aanwezig, maar soms onduidelijk","parasolzwammen15","1"
"parasolzwammen15","Lamellen wit, niet verkleurend","Lepiota boudieri","Lamellen wit, later oranje wordend","Lepiota castanea","1"
"honingzwammen1","Steel naar de basis versmald. In dichte bundels. Ring blijvend, met gele tint","Armillaria mellea","Steel naar de basis gelijkdik of knolvormig opgezwollen. In kleine bundels of solitair groeiend. Ring variabel","honingzwammen2","1"
"honingzwammen2","Ring vergankelijk, met gele vlokjes aan de rand. Steel met gelige vlokjes","Armillaria lutea ss. lato","Ring blijvend, meestal met donkerbruine schubjes aan de rand. Steel met witte vlokjes met een donker centrum","Armillaria ostoyae","1"
"fopzwammen1","Gehele paddenstoel violet (indien vers)","Laccaria amethystina","Hoed met roodbruine of oranjebruine tinten","fopzwammen2","1"
"fopzwammen2","Lamellen (bleek) paars. Steelbasis met paars myceliumvilt","Laccaria bicolor","Lamellen roze tot bleek oranje. Geen paars steelvilt aanwezig","fopzwammen3","1"
"fopzwammen3","Hoed opvallend gekroesd, klein (minder dan 2 cm). Steel korter dan hoeddiameter","Laccaria tortilis","Hoed niet gekroesd. Hoed groter. Steel langer","fopzwammen4","1"
"fopzwammen4","Hoed glad, aan de rand doorschijnend gestreept. Steel glad","Laccaria laccata","Hoed vezelig, niet doorschijnend gestreept. Steel grof overlangs vezelig","Laccaria proxima","1"
"wasplaten1","Onder naaldbomen. Hoed slijmerig","Hygrophorus hypothejus","In grasland, soms in loofbos op kale bodem zonder strooisel","wasplaten2","1"
"wasplaten2","Hoed wit tot wasgeel","wasplaten3","Hoed gekleurd, geel, oranje, rood of groenachtig","wasplaten4","1"
"wasplaten3","Hoed wit. Geur onopvallend","Hygrocybe virginea","Hoed wasgeel. Geur sterk naar cederhout","Hygrocybe russocoriacea","1"
"wasplaten4","Hoed spits kegelvormig. Lamellen vrij","wasplaten5","Hoed niet opvallend spits. Lamellen smal tot breed aangehecht of aflopend","wasplaten6","1"
"wasplaten5","Steel en hoed bij beschadiging en ouderdom donker grijs tot zwart verkleurend","Hygrocybe conica","Hoed en steel bij beschadiging en ouderdom niet zwart verkleurend","Hygrocybe acutoconica","1"
"wasplaten6","Hoed droog","wasplaten7","Hoed vettig, kleverig tot slijmerig","wasplaten8","1"
"wasplaten7","Hoed klein, tot 5 cm, fel oranje tot rood, schubbig","Hygrocybe miniata","Hoed groot, tot 10 cm, perzikkleurig, glad, niet schubbig","Hygrocybe pratensis","1"
"wasplaten8","Hoed en/of steel met groene tinten","Hygrocybe psittacina","Hoed zonder groene tinten","wasplaten9","1"
"wasplaten9","Steel droog","wasplaten10","Steel kleverig tot slijmerig","wasplaten11","1"
"wasplaten10","Hoed rood, niet doorschijnend gestreept","Hygrocybe coccinea","Hoed dooiergeel, doorschijnend gestreept","Hygrocybe ceracea","1"
"wasplaten11","Lamelsnede gelatineus. Geur onaangenaam","Hygrocybe laeta","Lamelsnede niet gelatineus. Geur onopvallend","Hygrocybe insipida","1"
"trechterzwammen1","Hoed niet hygrofaan, niet wit. Hoedrand niet doorschijnend gestreept","trechterzwammen2","Hoed hygrofaan, bij opdrogen bijna wit wordend, of hoed wit. Hoedrand al dan niet gestreept","trechterzwammen7","1"
"trechterzwammen2","Lamellen gemakkelijk van het hoedvlees te scheiden (zoals bij een krulzoom), zeer dicht opeen","Lepista flaccida","Lamellen niet gemakkelijk van het hoedvlees te scheiden","trechterzwammen3","1"
"trechterzwammen3","Hoed convex tot vlak, niet trechtervormig","trechterzwammen4","Hoed trechtervormig","trechterzwammen6","1"
"trechterzwammen4","Hoed grijsgroen. Geur naar anijs","Clitocybe odora","Hoed met andere tinten. Geur niet naar anijs","trechterzwammen5","1"
"trechterzwammen5","Steel naar de basis knotsvormig gezwollen. Lamellen vrij wijd uiteen, geel. Geur zwak, zoetig","Clitocybe clavipes","Steel naar de basis niet knotsvormig gezwollen. Lamellen zeer dicht opeen, crème. Geur sterk, als Limburgse kaas","Clitocybe nebularis","1"
"trechterzwammen6","Steel wittig, bleker dan de hoed. Hoed beige, in centrum met kleine papil. Hoedrand niet geribbeld","Clitocybe gibba","Steel lichtbruin, met zelfde kleur als hoed. Hoed (licht) bruin, zonder papil in centrum. Hoedrand geribbeld","Clitocybe costata","1"
"trechterzwammen7","Vlees met toversteentje violet wordend. Meestal in bundels. Hoed wit","Clitocybe connata","Vlees met oversteentje niet verkleurend. Solitair, in kleine groepen of in heksenkringen. Hoed wit of gekleurd","trechterzwammen8","1"
"trechterzwammen8","Geur anders. Smaak niet bitter. Lamellen niet of nauwelijks gevorkt","trechterzwammen9","Geur sterk, naar spiering. Smaak bitter. Lamellen gevorkt","Clitocybe phaeophthalma","1"
"trechterzwammen9","Geur opvallend, naar anijs","trechterzwammen10","Geur afwezig of anders","trechterzwammen11","1"
"trechterzwammen10","Hoed wittig-glacé, aan de rand niet gestreept","Clitocybe albofragrans","Hoed niet glacé berijpt, aan de rand gestreept, bij opdrogen in het centrum donker blijvend","Clitocybe fragrans","1"
"trechterzwammen11","Hoed met wittige glacélaag overtrokken; hoedrand niet gestreept","trechterzwammen12","Hoed zonder glacélaag (of alleen aan uiterste hoedrand over 1-2 mm); hoedrand (in verse toestand) meestal gestreept","trechterzwammen15","1"
"trechterzwammen12","Lamellen (donker) grijs. Geur melig","Clitocybe ditopa","Lamellen wittig. Geur niet melig","trechterzwammen13","1"
"trechterzwammen13","Hoed tot 10 cm. Lamellen breed aangehecht","Clitocybe phyllophila","Hoed tot 7 cm. Lamellen aflopend","trechterzwammen14","1"
"trechterzwammen14","Hoed onder glacélaag wat gekleurd, licht rossig bruin. Steel recht, naar de basis niet gebogen. Meestal in graslanden","Clitocybe rivulosa","Hoed onder glacélaag iets grijzig, zonder rossig bruine tinten. Steel aan de basis geknikt. In bossen","Clitocybe candicans","1"
"trechterzwammen15","Geur en smaak naar meel","trechterzwammen16","Geur en smaak niet naar meel","trechterzwammen18","1"
"trechterzwammen16","Hoedrand in vochtige toestand niet gestreept. Lamellen donkergrijs","Clitocybe ditopa","Hoedrand in vochtige toestand gestreept","trechterzwammen17","1"
"trechterzwammen17","Lamellen bleek grijs tot grijsbruin, kort aflopend. Hoed grijs tot grijsbruin","Clitocybe vibecina","Lamellen met wasgele tint, breed aangehecht. Hoed geelbruin, met olijfzweem","Clitocybe foetens","1"
"trechterzwammen18","Steel langer dan de diameter van de hoed, naar de basis donkerder (en daardoor tweekleurig lijkend)","Clitocybe metachroa","Steel even lang als tot hoogstens iets langer dan hoeddiameter. Steel eenkleurig, aan de basis niet opvallend donker","trechterzwammen19","1"
"trechterzwammen19","Hoedrand niet gestreept, aan de uiterste (iets ingerolde) rand (1-2 mm) wat glacé","Clitocybe diatreta","Hoedrand gestreept, aan de (rechte, niet-ingerolde) rand niet of nauwelijks glacé","trechterzwammen20","1"
"trechterzwammen20","Hoed eenkleurig. In graslanden","trechterzwammen21","Hoed tweekleurig, met contrasterend bruin centrum en bleek beige rand. In bossen","Clitocybe marginella","1"
"trechterzwammen21","Hoed licht tot middelbruin","Clitocybe amarescens","Hoed bleekgeel of beige","Clitocybe agrestis","1"
"mycenas1","Steel bij doorbreken met wit of rood sap","mycenas2","Steel bij doorbreken zonder sap of hoogstens met doorzichtig waterig sap","mycenas4","1"
"mycenas2","Sap wit","Mycena galopus","Sap rood","mycenas3","1"
"mycenas3","Op de bodem, solitair. Lamelsnede rood","Mycena sanguinolenta","In groepen, op hout. Lamelsnede niet gekleurd","Mycena haematopus","1"
"mycenas4","Hoed geel tot geelgroen, bedekt met een kleverig velletje dat afgestroopt kan worden. Steel ook met een kleverig velletje","mycenas5","Met andere combinatie van kenmerken","mycenas6","1"
"mycenas5","Geur wat zurig","Mycena epipterygia","Geur sterk melig","Mycena epipterygioides","1"
"mycenas6","Steel met opvallende slijmlaag. Hoed droog","mycenas7","Steel zonder opvallende slijmlaag","mycenas8","1"
"mycenas7","Hoed wittig tot lichtbruin. In loofbos","Roridomyces roridus","Hoed grijs tot bruin. In naaldbos","Mycena clavicularis","1"
"mycenas8","Lamelsnede (L!) gekleurd","mycenas9","Lamelsnede met dezelfde kleur als het vlak","mycenas13","1"
"mycenas9","Hoed met roze tot paarse tinten. Lamelsnede grof-gehakkeld, purperbruin. Geur naar radijs","Mycena pelianthina","Hoed zonder roze tot paarse tinten. Lamelsnede niet grof-gehakkeld","mycenas10","1"
"mycenas10","Lamelsnede rood of bruin of olijfbruin","mycenas11","Lamelsnede gelig of groenig geel","mycenas12","1"
"mycenas11","In bossen. Lamelsnede rood","Mycena sanguinolenta (niet bloedende vorm)","In grasland. Lamelsnede roodbruin tot olijfbruin","Mycena olivaceomarginata","1"
"mycenas12","Geur bij opdrogen naar jodoform. Op open standplaatsen in de duinen","Mycena chlorantha","Geur sterk naar radijs. Op strooisel in bossen","Mycena flavescens","1"
"mycenas13","Hoed (zuiver) wit, hoogstens heel bleek grijs in het centrum","mycenas14","Hoed gekleurd, variërend van lichtgeel tot bijna zwart [in twijfelgevallen dit couplet kiezen]","mycenas21","1"
"mycenas14","Lamellen aan de hoedrand slecht ontwikkeld, daar meer als vertakte aders","Delicatula integrella","Lamellen aan de hoedrand normaal ontwikkeld, niet geaderd. (Indien lamellen geaderd, dan steel veel langer dan hoeddiameter)","mycenas15","1"
"mycenas15","Steel even lang als de hoeddiameter. Hoed gegroefd. Op bladeren van grassen en zeggen","Resinomycena saccharifera","Steel (veel) langer dan hoeddiameter. Hoed niet gegroefd","mycenas16","1"
"mycenas16","Steel aan basis met een klein, radiair gegroefd schijfje. Hoed in centrum fijn behaard (L!)","Mycena stylobates","Steel aan de basis zonder radiair gegroefd schijfje, soms met klein knolletje","mycenas17","1"
"mycenas17","Hoed fijn bepoederd-korrelig (met poedersuiker bestrooid; L!)","Mycena adscendens","Hoed en steel niet zeer fijn bepoederd-korrelig","mycenas18","1"
"mycenas18","Steel kaal (L!). Hoed zeer klein. In groepen op eiken- en beukenblad","mycenas19","Steel behaard. Hoed groter","mycenas20","1"
"mycenas19","Op bladeren van eik. Lamellen aflopend","Mycena polyadelpha","Op bladeren van beuk. Lamellen opstijgend","Mycena capillaris","1"
"mycenas20","Aan de basis van smeerwortel groeiend. Lamellen aflopend","Hemimycena candida","In andere habitats. Lamellen aangehecht tot aflopend","Hemimycena spp.","1"
"mycenas21","Steel donzig-behaard. Steelbasis en uiterste hoedrand vaak blauw","Mycena amicta","Steel niet donzig-behaard","mycenas22","1"
"mycenas22","Hoed grijsblauw. Op schors van levende bomen","Mycena pseudocorticola","Hoed met andere tint. Meestal niet op schors van levende bomen","mycenas23","1"
"mycenas23","Hoed, steel en/of lamellen met paarse of roze tint. Relatief forse soorten, hoed 2-8 cm. Geur naar radijs","mycenas24","Paddenstoel zonder paarse of roze tinten, of paddenstoel kleiner dan 1 cm","mycenas26","1"
"mycenas24","Lamellen aflopend","Mycena pearsoniana","Lamellen uitgebocht aangehecht","mycenas25","1"
"mycenas25","Steel met een paarse zweem","Mycena pura","Steel wit","Mycena rosea","1"
"mycenas26","Steelbasis met een dik, donzig schijfje. Lamelsnede elastisch. In moerassen, op stengels van zeggen, biezen en russen","Mycena bulbosa","Steelbasis zonder donzig schijfje. Lamelsnede niet elastisch. Op andere standplaatsen","mycenas27","1"
"mycenas27","Steel over gehele lengte fijn behaard (L!)","mycenas28","Steel kaal of aan de top fijn bepoederd, soms aan de basis met myceliumvilt","mycenas32","1"
"mycenas28","Hoed helder gekleurd, roze, (bleek) geel of oranje","mycenas29","Hoed met overwegend bruine of grauwe tinten","mycenas31","1"
"mycenas29","Hoed rozerood, steel wit","Mycena adonis","Hoed (bleek)geel of oranje","mycenas30","1"
"mycenas30","Hoed (bleek) geel, steel wittig. In grasland","Mycena flavoalba","Hoed oranje, steel geel. In bossen","Mycena acicula","1"
"mycenas31","Lamellen wijd uiteen, breed aangehecht tot kort aflopend","Mycena speirea","Lamellen niet opvallend ver uiteen, smal aangehecht, opstijgend","Mycena hiemalis","1"
"mycenas32","Lamellen aflopend. Geur sterk melig. Hoed grijs","Mycena cinerella","Lamellen niet aflopend. Geur niet melig","mycenas33","1"
"mycenas33","Steel opvallend driekleurig; aan de top wit, in het midden geel, aan de basis oranjebruin tot roodbruin, met opvallend basisvilt. Hoedrand gekarteld. Op eikenhout","Mycena inclinata","Steel niet opvallend driekleurig. Hoedrand niet gekarteld","mycenas34","1"
"mycenas34","Steel met opvallende zilvergrijze overlangse streping","Mycena polygramma","Steel zonder opvallende overlangse streping bij volwassen exemplaren","mycenas35","1"
"mycenas35","Steel opvallend glad en glanzend, taai en relatief gemakkelijk te buigen zonder dat hij breekt","Mycena vitilis","Steel niet opvallend glad, glanzend en taai, bij buigen snel brekend","mycenas36","1"
"mycenas36","Geur duidelijk naar bleekwater (hypochloriet)","mycenas37","Geur anders of afwezig","mycenas39","1"
"mycenas37","In dichte bundels op naaldhout","Mycena stipata","Solitair of in kleine groepen, op de grond","mycenas38","1"
"mycenas38","Lamellen donkergrijs. Steel aan de top fijn bepoederd","Mycena leptocephala","Lamellen lichtgrijs. Steel aan de top kaal","Mycena abramsii","1"
"mycenas39","Paddenstoel bij opdrogen met jodoformgeur (ziekenhuislucht; bij verse exemplaren meestal niet waarneembaar!)","mycenas40","Geur anders of afwezig","mycenas43","1"
"mycenas40","Hoed met geelgroene tint","mycenas41","Hoed zonder geelgroene tint","mycenas42","1"
"mycenas41","In bundels op liggend hout, maar ook op rieten daken. Steel met blauwgrijze of violetgrijze tint","Mycena arcangeliana","Solitair, op de bodem in (duin)graslanden. Steel grijs","Mycena chlorantha","1"
"mycenas42","Hoed (vooral bij opdrogen) met een dun maar opvallend berijpt of glacé laagje. Hoedrand buiten lamellen stekend","Mycena filopes","Hoed zonder berijpt of glacé laagje. Hoedrand niet buiten lamellen stekend. Hoedcentrum met roze zweem","Mycena metata","1"
"mycenas43","Lamellen van volwassen exemplaren met roze tint, aan de basis tegen het hoedvlees geaderd","Mycena galericulata","Lamellen zonder roze tint, aan de basis niet geaderd","mycenas44","1"
"mycenas44","Geur naar radijs. Niet op venige bodem","mycenas45","Geur afwezig. Hoed donkerbruin tot bijna zwart. Op venige bodem","Mycena megaspora","1"
"mycenas45","Lamelsnede opvallend gewimperd, ook lamelvlak gewimperd (L!)","Mycena galopus (niet-melkende vorm)","Lamelsnede en -vlak niet opvallend gewimperd","mycenas46","1"
"mycenas46","In bossen, op blad. Lamellen wittig","Mycena flavescens","In graslanden. Lamellen grijs","Mycena aetites","1"
"trechterzwammen1","Hoed en steel blauwgroen","Omphalina chlorocyanea","Hoed en steel niet blauwgroen","trechterzwammen2","1"
"trechterzwammen2","Hoed roodbruin","Omphalina pyxidata","Hoed donkerbruin tot zwart","trechterzwammen3","1"
"trechterzwammen3","Steel kaal. Zonder geur","Omphalina obscurata","Steel fijn afstaand behaard. Geur naar pelargonium","Omphalina velutipes","1"
"veldridderzwammen1","Hoed okerbruin tot oranje","Melanoleuca cognata","Hoed bruin tot donker grijsbruin of bijna zwart","Melanoleuca polioleuca-groep","1"
"schijnridderzwammen1","Paddenstoel bruin-oranje, zonder paarse tint","Lepista flaccida","Paddenstoel met paarse tint op hoed, steel en/of lamellen","schijnridderzwammen2","1"
"schijnridderzwammen2","Alleen steel met paarse tinten","Lepista saeva","Hoed en lamellen ook met paarse tint","schijnridderzwammen3","1"
"schijnridderzwammen3","Hoed dikvlezig, niet doorschijnend gestreept, met duidelijk paarse tint","Lepista nuda","Hoed dunvlezig, doorschijnend gestreept, meer rozebruin","Lepista sordida","1"
"ridderzwammen1","Hoed wit of zeer licht gekleurd","ridderzwammen2","Hoed duidelijk gekleurd","ridderzwammen3","1"
"ridderzwammen2","Geur sterk onaangenaam. Hoed glad tot fijn viltig","Tricholoma album-groep","Geur onopvallend of melig. Hoed vezelig tot fijn schubbig","Tricholoma argyraceum ss. lato","1"
"ridderzwammen3","Steel met wollige ring. Bij wilg","Tricholoma cingulatum","Steel zonder ring, hoogstens met een vage ringzone","ridderzwammen4","1"
"ridderzwammen4","Hoed geel","ridderzwammen5","Hoed bruin of grijs of met groene tint","ridderzwammen6","1"
"ridderzwammen5","Lamellen ver uiteen. Hoed droog. Geur sterk, naar teergas","Tricholoma sulphureum","Lamellen normaal gedrongen. Hoed kleverig. Geur onopvallend","Tricholoma equestre","1"
"ridderzwammen6","Vlees bij beschadiging langzaam rood wordend. Geur naar (geparfumeerde) zeep","Tricholoma saponaceum","Vlees bij beschadiging niet verkleurend, of geel wordend","ridderzwammen7","1"
"ridderzwammen7","Hoed vezelig tot fijn schubbig","Tricholoma argyraceum ss. lato","Hoed glad of droog, iets kleverig tot slijmerig","ridderzwammen8","1"
"ridderzwammen8","Vlees in steel geel. Lamellen bleek geel. Bij berk","Tricholoma fulvum","Vlees wit. Lamellen wittig","ridderzwammen9","1"
"ridderzwammen9","Steeltop met een opvallend witte zone. Vlees iets bitter. Onder den","Tricholoma albobrunneum","Steeltop zonder opvallende witte zone. Bij loofbomen","ridderzwammen10","1"
"ridderzwammen10","In dichte kluiten bij populier","Tricholoma populinum","Bij beuk","Tricholoma ustale","1"
"taailingen1","Hoed en steel met aanliggende bruine haren","Crinipellis scabella","Hoed en steel zonder aanliggende bruine haren","taailingen2","1"
"taailingen2","Geur naar rottende koolbladeren. Steel fijn behaard (L!). Op sparrennaalden","Gymnopus perforans","Geur anders","taailingen3","1"
"taailingen3","Lamellen tegen een soort kraagje (collarium) rond de steel aangehecht","taailingen4","Collarium afwezig","taailingen7","1"
"taailingen4","Hoed oranje tot roodbruin","Marasmius curreyi","Hoed wittig tot bleek geelbruin","taailingen5","1"
"taailingen5","Hoed wit. Op takjes","Marasmius rotula","Hoed gekleurd, tenminste in het centrum. Op bladeren","taailingen6","1"
"taailingen6","Op bladeren van grassen en zeggen","Marasmius limosus","Op dode bladeren van loofbomen","Marasmius bulliardii","1"
"taailingen7","Steel draaddun, in het substraat geënt","taailingen8","Steel niet draaddun, niet in het substraat geënt","taailingen12","1"
"taailingen8","Hoed wit","taailingen9","Hoed gekleurd","taailingen11","1"
"taailingen9","Lamellen normaal ontwikkeld. Steel met verspreide, dunne, heel lange haren (L!)","Marasmius setosus","Lamellen gereduceerd, meer aderig. Steel kaal of fijn bepoederd","taailingen10","1"
"taailingen10","Op eikenblad","Marasmius epiphyllus","Op blad van klimop","Marasmius epiphylloides","1"
"taailingen11","Steel kaal","Gymnopus androsaceus","Steel behaard","Gymnopus quercophilus","1"
"taailingen12","Hoed kleiner dan 2 cm, wittig","taailingen13","Hoed groter dan 2 cm, gewoonlijk donkerder","taailingen17","1"
"taailingen13","Steel glad. Op oude vruchtlichamen van russula's en melkzwammen (maar deze vaak nauwelijks meer als zodanig herkenbaar: zwarte troep)","taailingen14","Steel vlokkig. Op strooisel en takjes","taailingen16","1"
"taailingen14","Steel aan de basis zonder knolletje","Collybia cirrata","Steel aan basis met een klein knolletje (sclerotium)","taailingen15","1"
"taailingen15","Sclerotium okergeel","Collybia cookei","Sclerotium purperbruin","Collybia tuberosa","1"
"taailingen16","Hoeddiameter groter dan lengte van steel. Hoed gewelfd blijvend, niet rimpelig","Marasmiellus ramealis","Hoeddiameter kleiner dan lengte van steel. Hoed uiteindelijk vlak uitspreidend en rimpelig","Marasmiellus vaillantii","1"
"taailingen17","Steel kaal, glanzend. Lamellen met fijne bruine haartjes (L!)","Marasmius cohaerens","Steel behaard. Lamellen zonder bruine haren","taailingen18","1"
"taailingen18","grote groepen rondom de stam van eiken. Steel wortelend, naar de basis spoelvormig versmald","Gymnopus fusipes","Steel niet wortelend, naar de basis niet spoelvormig versmald","taailingen19","1"
"taailingen19","Lamellen zeer dicht opeen, snede fijn gezaagd-gekarteld. Hoed wittig, met roestbruine vlekken. Grote paddenstoel","Rhodocollybia maculata","Lamellen minder dicht opeen, met gave snede","taailingen20","1"
"taailingen20","Steel naar de basis opvallend dikker wordend. Hoedoppervlak duidelijk vettig aanvoelend","Rhodocollybia butyracea","Steelbasis hoogstens iets opgezwollen. Hoedoppervlak niet opvallend vettig","taailingen21","1"
"taailingen21","Lamellen wijd uiteen","taailingen22","Lamellen niet opvallend wijd uiteen","taailingen23","1"
"taailingen22","Lamellen geelbruin. Smaak scherp. In bossen","Gymnopus peronatus","Lamellen beige. Smaak mild. In graslanden","marasmius oreades","1"
"taailingen23","Lamellen zeer dicht opeen. Steel donzig. Paddenstoel in dichte bundels groeiend","Gymnopus confluens","Lamellen niet zeer dicht opeen. Steel vrijwel kaal. Paddenstoel niet in dichte bundels","taailingen24","1"
"taailingen24","Steel roodbruin","Gymnopus erythropus","Steel bleek geelbruin","taailingen25","1"
"taailingen25","Hoed oranjebruin. Lamellen wittig","Gymnopus dryophilus ss. lato","Hoed donker roodbruin. Lamellen geel","Gymnopus ocior","1"
"satijnzwammen1","Hoed wit tot hoogstens licht geel","satijnzwammen2","Hoed duidelijk gekleurd","satijnzwammen4","1"
"satijnzwammen2","Lamellen gemakkelijk van hoedvlees te scheiden. Geur sterk, melig of naar snijbonen. Hoed wit","satijnzwammen3","Lamellen niet van vlees te scheiden. Geur onopvallend. Hoed wit met gelige tint","Entoloma sericellum","1"
"satijnzwammen3","Hoed gewelfd, dikvlezig","Clitopilus prunulus","Hoed met verdiept centrum, dunvlezig","Clitopilus scyphoides","1"
"satijnzwammen4","Lamellen gemakkelijk van hoedvlees te scheiden","Clitopilus geminus","Lamellen niet gemakkelijk van vlees te scheiden","satijnzwammen5","1"
"satijnzwammen5","In voorjaar, bij roosachtigen groeiend (meidoorn, sleedoorn, kers, appel)","Entoloma clypeatum","Niet in voorjaar bij roosachtigen","satijnzwammen6","1"
"satijnzwammen6","Hoed glad en kaal","satijnzwammen7","Hod vezelig tot pluizig of schubbig","satijnzwammen14","1"
"satijnzwammen7","Hoed met gele of geelbruine tint. Geur zoetig, naar overrijp fruit","Entoloma pleopodium","Hoed met overwegend bruine tinten. Zonder zoete geur","satijnzwammen7","1"
"satijnzwammen8","Forse paddenstoel (hoed 4-12 cm; steel 4-15 mm dik), meestal met geur als bleekwater (chloorachtig)","Entoloma rhodopolium ss. lato","Paddenstoel minder fors (hoed tot 7 cm) en met andere geur","satijnzwammen8","1"
"satijnzwammen9","Steel wit. Geur afwezig. In naaldbos","Entoloma turbidum","Steel gekleurd, honinggeel, (licht) grijs tot bruin","satijnzwammen10","1"
"satijnzwammen10","Steel honinggeel","Entoloma cetratum","Steel bruin","satijnzwammen11","1"
"satijnzwammen11","Hoed met opvallend papilletje","Entoloma hebes","Hoed zonder papil","satijnzwammen12","1"
"satijnzwammen12","Steel (veel) langer dan de hoeddiameter, zilvergrijs overlangs gestreept","Entoloma conferendum","Steel korter dan of even lang als hoeddiameter, niet gestreept","satijnzwammen13","1"
"satijnzwammen13","Hoedrand niet doorschijnend gestreept. In bossen of wegbermen","Entoloma sordidulum","Hoedrand doorschijnend gestreept. In grasland","Entoloma sericeum","1"
"satijnzwammen14","Hoed, steel of lamellen met violette of blauwe tint","satijnzwammen15","Violette en blauwe tinten afwezig","satijnzwammen17","1"
"satijnzwammen15","Lamellen aflopend. In bossen","Entoloma incarnatofuscescens","Lamellen niet aflopend. In graslanden","satijnzwammen16","1"
"satijnzwammen16","Lamelsnede donker gekleurd","Entoloma serrulatum","Lamelsnede niet donker gekleurd","Entoloma chalybaeum-groep","1"
"satijnzwammen17","Hoed en steel groen","Entoloma incanum","Hoed en steel zonder groene tint","satijnzwammen18","1"
"satijnzwammen18","Lamellen aflopend","satijnzwammen19","Lamellen niet aflopend. Hoed met zilverige, schilferige bedekking","Entoloma fernandae ss. lato","1"
"satijnzwammen19","Lamellen wijd uiteen. Steel langer dan hoeddiameter. Hoed tot 1 cm","Entoloma rhodocylix","Lamellen gedrongen. Steel relatief kort. Hoed 1-4 cm, met concentrische zones","Entoloma undatum","1"
"hertenzwammen1","Hoed ingegroeid radiair vezelig of vezelspletig","hertenzwammen2","Hoed schubbig tot viltig","hertenzwammen4","1"
"hertenzwammen2","Hoed vezelspletig, donker grijs","Pluteus ephebeus","Hoed ingegroeid radiair vezelig","hertenzwammen3","1"
"hertenzwammen3","Hoed grijsgroen. Geur afwezig","Pluteus salicinus","Hoed (donker) bruin. Geur naar rauwe aardappelen","Pluteus cervinus","1"
"hertenzwammen4","Steel geel tot geelbruin","hertenzwammen5","Steel zonder gele tinten","hertenzwammen6","1"
"hertenzwammen5","Steel en hoed geel tot geelbruin. Hoed schubbig","Pluteus leoninus","Steel geel. Hoed bruin, aderig-rimpelig","Pluteus romellii","1"
"hertenzwammen6","Steel kaal","Pluteus phlebophorus-groep","Steel fijn vlokkig-behaard","hertenzwammen7","1"
"hertenzwammen7","Hoed sterk geaderd-gerimpeld. Steel met wittige vlokjes","Pluteus thomsonii","Hoed niet geaderd-gerimpeld. Steel met bruine vlokjes","Pluteus podospileus","1"
"beurszwammen1","Op oude vruchtlichamen van de Nevelzwam (Clitocybe nebularis) groeiend","Volvariella surrecta","Op de grond of op hout groeiend","beurszwammen2","1"
"beurszwammen2","Hoed 1-5 cm, zijdeachtig, wit","Volvariella murinella-groep","Hoed 5-15 cm, glad, slijmerig-kleverig, grijs","Volvariella gloiocephala","1"
"krulzomen1","Op de grond groeiend. Steel centraal","krulzomen2","Op naaldhout groeiend. Steel excentrisch of zijdelings","krulzomen3","1"
"krulzomen2","Hoed glad. Bij loof- en naaldbomen","Paxillus involutus","Hoed met donkerder schubjes. Uitsluitend bij els","Paxillus filamentosus","1"
"krulzomen3","Steel zwart-fluwelig","Tapinella atrotomentosa","Steel (vrijwel) afwezig","Tapinella panuoides","1"
"donsvoetjes1","Lamellen geel. Onder meidoorn","Tubaria dispersa","Lamellen bruin. Op andere standplaatsen","donsvoetjes2","1"
"donsvoetjes2","Hoed slijmerig. Op populierenblad. Lamellen duidelijk aflopend","Meottomyces dissimulans","Hoed droog. Op takjes en houtsnippers. Lamellen recht aangehecht tot iets aflopend","donsvoetjes3","1"
"donsvoetjes3","Hoed over het gehele oppervlak met velum bedekt, aan de rand wit gezoomd, niet doorschijnend gestreept","Tubaria conspersa","Hoed alleen aan de rand met velum of vrijwel geheel zonder velum, doorschijnend gestreept","Tubaria furfuracea","1"
"leemhoeden1","Ring aanwezig","leemhoeden2","Ring afwezig. Hoed glad, iets vettig, zeemleergeel","Agrocybe pediades","1"
"leemhoeden2","Hoed donker (rood)bruin. Ring aan de bovenzijde gestreept","Agrocybe erebia","Hoed bleker, wit tot geelbruin. Ring aan de bovenzijde niet gestreept","leemhoeden3","1"
"leemhoeden3","In dichte bundels op populierenstronken","Agrocybe cylindracea","In andere habitats groeiend","leemhoeden4","1"
"leemhoeden4","In groepen op snipperhopen. Hoedoppervlak sterk gerimpeld","Agrocybe rivulosa","In andere habitats. Hoedoppervlak niet sterk gerimpeld","leemhoeden5","1"
"leemhoeden5","Hoed vrijwel wit. Geur onopvallend","Agrocybe dura","Hoed bleek geel tot geelbruin. Geur melig","leemhoeden6","1"
"leemhoeden6","Ring hangend. Forse paddenstoel in graslanden en ruderale terreinen","Agrocybe praecox","Ring opstijgend. Tengere paddenstoel op vochtige standplaatsen","Agrocybe elatella","1"
"bundelzwammen1","Hoed hygrofaan","bundelzwammen2","Hoed niet hygrofaan","bundelzwammen3","1"
"bundelzwammen2","Steel met ring, daaronder schubbig. Op dood hout groeiend","Kuehneromyces mutabilis","Steel zonder ring, vrijwel kaal. In late herfst en winter op dood populierenblad groeiend","Meottomyces dissimulans","1"
"bundelzwammen3","Op zaagvlak van populier. Hoed met wittige wollige schubben","Hemipholiota populnea","Op andere standplaatsen","bundelzwammen4","1"
"bundelzwammen4","Hoed met opstaande of aanliggende schubben, droog tot slijmerig","bundelzwammen5","Hoed min of meer glad, soms met verspreide velumvlokjes, vooral aan de hoedrand, deze in slijmlaag ingebed","bundelzwammen8","1"
"bundelzwammen5","Hoed slijmerig","Pholiota adiposa ss. lato","Hoed droog","bundelzwammen6","1"
"bundelzwammen6","Hoed met opvallende afstaande schubjes","bundelzwammen7","Hoed met aanliggende schubjes","Pholiota tuberculosa","1"
"bundelzwammen7","Hoed met intens gele schubben op oranje achtergrond. In naaldbos","Pholiota flammans","Hoed met bruinige schubben op gelige ondergrond. In loofbos, soms in naaldbos","Pholiota squarrosa","1"
"bundelzwammen8","Hoed helder oranje. Steel aan de basis zwart wordend. Smaak bitter. In naaldbos","Pholiota astragalina","Hoed niet oranje. Steel aan de basis niet zwart wordend","bundelzwammen9","1"
"bundelzwammen9","Hoed aan de rand met witte velumvlokken","bundelzwammen10","Hoed met nauwelijks zichtbare velumresten","bundelzwammen11","1"
"bundelzwammen10","Hoed geel met groenige zweem. Op open plekken","Pholiota gummosa","Hoed beige tot lichtbruin. In loofbos","Pholiota lenta","1"
"bundelzwammen11","Op brandplekken","Pholiota highlandensis","Niet op brandplekken","bundelzwammen12","1"
"bundelzwammen12","Op hout. Hoed geel","Flammula alnicola","Op de grond tussen gras, soms op in de grond begraven hout. Hoed oker","Pholiota conissans","1"
"mosklokjes1","Steel met ring","mosklokjes2","Steel zonder ring","mosklokjes3","1"
"mosklokjes2","Op hout","Galerina marginata ss. lato","Tussen veenmos","Galerina paludosa","1"
"mosklokjes3","Steel fijn afstaand-behaard (L!)","mosklokjes4","Steel kaal, glad tot iets vezelig (L!)","mosklokjes5","1"
"mosklokjes4","Hoed oranjebruin","Galerina vittiformis ss. lato","Hoed bleek okergeel","Galerina graminea","1"
"mosklokjes5","Hoed en lamellen geel tot bruinig geel. Tussen mos in grasland","Galerina clavata","Hoed en lamellen oranjebruin. Tussen mos in bos en heide","Galerina spp.","1"
"zompzwammen1","Steel zilverwit-vezelig, aan de basis na beschadiging bruin wordend","Alnicola bohemica ss. lato","Steel gekleurd, geel tot bruin. Bij els","zompzwammen2","1"
"zompzwammen2","Hoed doorschijnend gestreept","Alnicola scolecina","Hoed mat, niet doorschijnend gestreept","zompzwammen3","1"
"zompzwammen3","Hoed en steel bruin","Alnicola subconspersa","Hoed en steel geelachtig tot geelbruin","Alnicola escharoides","1"
"breeksteeltjes1","Steel met aan bovenzijde gegroefde ring","Pholiotina arrhenii-groep","Steel zonder ring","breeksteeltjes2","1"
"breeksteeltjes2","Hoedrand met witte velumvlokjes","Pholiotina exannulata-groep","Hoedrand zonder witte velumvlokjes","breeksteeltjes3","1"
"breeksteeltjes3","Hoed hoger dan breed, wittig","Conocybe albipes","Hoed breder dan hoog, gekleurd","breeksteeltjes4","1"
"breeksteeltjes4","Steel bepoederd of heel fijn donzig-behaard (maar in dat laatste geval niet op mest)","Conocybe spp.","Steel donzig-harig. Op mest","Conocybe pubescens","1"
"gordijnzwammen1","Hoed (zeer) slijmerig, niet hygrofaan","gordijnzwammen2","Hoed droog, al-dan-niet hygrofaan","gordijnzwammen6","1"
"gordijnzwammen2","Steel op onderste helft met opvallende velumgordels, alsof het steeloppervlak is opengescheurd. Bij eik, populier en kruipwilg","Cortinarius trivialis","Steel zonder opvallende velumgordels","gordijnzwammen3","1"
"gordijnzwammen3","Hoed geel. Steel met kleverige gele velumgordels","Cortinarius delibutus","Hoed bruin, al dan niet met paars gemengd. Steel zonder kleverige tot slijmerige gele velumgordels","gordijnzwammen4","1"
"gordijnzwammen4","Lamellen paars","gordijnzwammen5","Lamellen chocoladekleurig. Smaak bitter","Cortinarius infractus","1"
"gordijnzwammen5","Lamellen jong paars, dan bruin, niet donker paars vlekkend. Geur weeïg-zoetig of muffig","Cortinarius largus","Lamellen paars vlekkend. Geur afwezig","Cortinarius purpurascens","1"
"gordijnzwammen6","Hoed, steel en/of lamellen met paarse tint","gordijnzwammen7","Paddenstoel zonder violette tinten","gordijnzwammen16","1"
"gordijnzwammen7","Forse paddenstoelen, slankheidsindex < 10","gordijnzwammen8","Tengere paddenstoelen, slankheidsindex > 15","gordijnzwammen12","1"
"gordijnzwammen8","Hoed viltig tot fijn schubbig. Gehele paddenstoel donker violet. Geur naar cederhout","Cortinarius violaceus","Hoed niet viltig tot schubbig, niet zo spectaculair violet. Geur anders","gordijnzwammen9","1"
"gordijnzwammen9","Velum op de steel herkenbaar als bleekgele bandjes. Hoed wat glimmerig","Cortinarius anomalus ss. lato","Velum op de steel wit, soms nauwelijks zichtbaar. Hoed niet glimmerig","gordijnzwammen10","1"
"gordijnzwammen10","Hoed oranje, spits, hygrofaan. Basisvilt paars","Cortinarius helveolus","Hoed bruin of paars, niet spits. Paars basisvilt afwezig","gordijnzwammen11","1"
"gordijnzwammen11","Hoed hygrofaan, bruin, zonder paars. Steel alleen paars aan de top. Steelvelum als witte sok op de onderste steelhelft. Bij populier en wilg","Cortinarius saturninus","Hoed niet hygrofaan, bleek paars (maar onder een witte, zijdeachtige deklaag). Steel over de gehele lengte bleek paars. Onder eik, berk en beuk","Cortinarius alboviolaceus","1"
"gordijnzwammen12","Hoed pluizig, aan de rand niet gestreept. Geur naar pelargonium","Cortinarius paleaceus ss. lato","Hoed vrijwel glad. Geur anders","gordijnzwammen13","1"
"gordijnzwammen13","Zeer kleine paddenstoelen. Hoed tot 1,5 cm, paars","Cortinarius bibulus ss. lato","Paddenstoel groter. Hoed niet paars","gordijnzwammen14","1"
"gordijnzwammen14","Lamellen wijd uiteen, donker bruinpaars. Steel met gele velumvlokjes. Bij els","Cortinarius helvelloides","Lamellen niet wijd uiteen, al dan niet paars. Steel zonder gele velumvlokjes. Bij loof- en soms naaldbomen, niet bij els","gordijnzwammen15","1"
"gordijnzwammen15","Hoed eenkleurig, oranjebruin, dof. Steel vaak met zwak ontwikkeld ringetje. Geur als van cederhout of zwarte peper","Cortinarius parvannulatus","Hoed tweekleurig, met glanzend donkerbruin centrum en bleke rand door velum. Steel zonder ring. Geur anders","Cortinarius decipiens-groep","1"
"gordijnzwammen16","Hoed niet hygrofaan, vaak helder gekleurd","gordijnzwammen17","Hoed hygrofaan","gordijnzwammen22","1"
"gordijnzwammen17","Hoed met rode schubjes. Vlees geel wordend aan de lucht","Cortinarius bolaris","Hoed zonder rode schubjes. Vlees aan de lucht niet geel wordend","gordijnzwammen18","1"
"gordijnzwammen18","Hoed spits conisch, tot 8 cm, warm oranjebruin. Steel meer dan 10 mm dik","Cortinarius rubellus","Kleinere paddenstoel, hoed tot 4 cm, niet spits conisch","gordijnzwammen19","1"
"gordijnzwammen19","Lamellen bloedrood. Steel geel. Bij naaldbomen","Cortinarius semisanguineus","Lamellen niet bloedrood, maar geel tot oranje","gordijnzwammen20","1"
"gordijnzwammen20","Hoed koperoranje. Bij wilg","Cortinarius uliginosus","Hoed geel tot bruin, niet zo helder gekleurd","gordijnzwammen21","1"
"gordijnzwammen21","Lamellen in jonge toestand geel","Cortinarius croceus-groep","Lamellen in jonge toestand oranje","Cortinarius cinnamomeus","1"
"gordijnzwammen22","Steel met opvallende goudgele velumgordels","Cortinarius saniosus","Steel zonder opvallende goudgele velumgordels","gordijnzwammen23","1"
"gordijnzwammen23","Steel zijdeachtig-wit, zonder waarneembare velumresten. Met jodoformgeur (ziekenhuislucht)","Cortinarius obtusus-groep","Steel niet zijdeachtig-wit. Zonder jodoformgeur","gordijnzwammen24","1"
"gordijnzwammen24","Forse paddenstoelen, slankheidsindex < 10","gordijnzwammen25","Tengere paddenstoelen, slankheidsindex > 15","gordijnzwammen27","1"
"gordijnzwammen25","Lamellen wijd uiteen. Geur muffig. Hoed bruinig, met zware vlekjes","Cortinarius conicus","Lamellen normaal gedrongen. Hoed zonder zwarte vlekjes","gordijnzwammen26","1"
"gordijnzwammen26","Hoed bruinoranje, met bleker en meer zeemleerkleurig centrum (daardoor tweekleurig lijkend), kaal, iets vettig","Cortinarius subbalaustinus","Hoed met dunne, wittige deklaag, daaronder vaal bruin. Bij wilg","Cortinarius urbicus","1"
"gordijnzwammen27","Hoed pluizig tot viltig","gordijnzwammen28","Hoed glad tot iets vezelig","gordijnzwammen30","1"
"gordijnzwammen28","In humusarme bossen op zand. Hoed kastanjebruin, vezelig tot iets schubbig. Zonder pelargoniumgeur","Cortinarius fusisporus","Op andere standplaatsen. Hoed (vuil)wit pluizig en/of met pelargoniumgeur","gordijnzwammen29","1"
"gordijnzwammen29","Geur naar pelargonium. Lamellen bruin","Cortinarius paleaceus ss. lato","Zonder geur. Lamellen met grijze tint. Bij berk","Cortinarius hemitrichus","1"
"gordijnzwammen30","Geur naar rauwe bieten","Cortinarius umbrinolens","Geur anders of onopvallend","gordijnzwammen31","1"
"gordijnzwammen31","Velum (en daardoor steel) bij bepotelen langzaam rood verkleurend","Cortinarius miraculosus","Velum en steel bij bepotelen niet rood verkleurend","gordijnzwammen32","1"
"gordijnzwammen32","Steelbasis roodachtig (kleur van rode wijn)","Cortinarius vernus","Steelbasis niet roodachtig","gordijnzwammen33","1"
"gordijnzwammen33","Geur naar cederhout of vers gemalen zwarte peper. Steel met vliezig ringetje","Cortinarius parvannulatus","Geur niet naar cederhout. Steel zonder ringetje","gordijnzwammen34","1"
"gordijnzwammen34","Hoed roodbruin tot oranjebruin, al-dan niet doorschijnend gestreept","gordijnzwammen35","Hoed donker bruin, zonder rossige tint, niet doorschijnend gestreept","gordijnzwammen36","1"
"gordijnzwammen35","Hoed (donker) roodbruin, nauwelijks doorschijnend gestreept; hoed- en steeloppervlak vrij sterk vezelig","Cortinarius helobius-groep","Hoed geelbruin tot oranjebruin, duidelijk doorschijnend gestreept; hoed- en steeloppervlak onopvallend vezelig","Cortinarius incisus-groep","1"
"gordijnzwammen36","Hoed glanzend, tweekleurig met donkerbruin tot zwart centrum en (door velum) wit-zijdeachtige rand","Cortinarius decipiens-groep","Hoed niet glanzend","gordijnzwammen37","1"
"gordijnzwammen37","Hoedoppervlak rimpelig (volwassen exemplaren). Lamellen met blekere tot wittige snede. Steel met onopvallend velum. Bij loof- en naaldbomen, niet bij els","Cortinarius casimiri","Hoedoppervlak niet rimpelig. Lamellen met gelijkgekleurde snede. Steel met opvallende velumgordels. Bij els","Cortinarius alnetorum","1"
"vezelkoppen1","Hoed en / of steel (vooral top) met paarse tinten","vezelkoppen2","Hoed en steel zonder paarse tinten","vezelkoppen5","1"
"vezelkoppen2","Hoed zijdeachtig","Inocybe lilacina","Hoed vezelspletig tot iets schubbig","vezelkoppen3","1"
"vezelkoppen3","Hoed vezelspletig","Inocybe pusio","Hoed wat schubbig","vezelkoppen4","1"
"vezelkoppen4","Hoed duidelijk geschubd. Lamellen met bruine snede. Geur spermatisch","Inocybe cincinnata","Hoed vezelig tot hoogstens fijn schubbig. Lamellen met witte snede. Geur naar pelargonium","Inocybe griseolilacina","1"
"vezelkoppen5","Hoed zeer bleek, vrijwel wit","vezelkoppen6","Hoed duidelijk gekleurd","vezelkoppen7","1"
"vezelkoppen6","Hoed zijdeachtig. Steel alleen aan de top bepoederd of niet bepoederd","Inocybe geophylla","Hoed vezelig. Steel aanvankelijk met gordijn, bij oude exemplaren over de gehele lengte bepoederd","Inocybe sindonia","1"
"vezelkoppen7","Vlees aan de lucht rood verkleurend. Geur onaangenaam, naar paardenurine","Inocybe haemacta","Vlees aan de lucht niet rood verkleurend","vezelkoppen8","1"
"vezelkoppen8","Steel over de gehele lengte berijpt-bepoederd (L!)","vezelkoppen9","Steel alleen aan de top (bovenste kwart) berijpt (L!) of in het geheel niet berijpt","vezelkoppen15","1"
"vezelkoppen9","Hoed klein, diameter minder dan 2.5 cm. Steel gelijkdik, zonder gerande knol. Hoed met wit-viltig velum overdekt","Inocybe petiginosa","Hoed groter","vezelkoppen10","1"
"vezelkoppen10","Steel met gerande knol","vezelkoppen11","Steel gelijk dik tot wat gezwollen, maar zonder gerande knol","vezelkoppen13","1"
"vezelkoppen11","Hoed bruin, vezelspletig. Steel rossig bruin","Inocybe asterospora","Hoed geelbruin tot geel. Steel wittig tot crème of licht vaalbruin","vezelkoppen12","1"
"vezelkoppen12","Hoed wat vettig tot slijmerig, fijn vezelspletig. Lamellen grijs met wat paarse inslag","Inocybe mixtilis","Hoed droog, vezelspletig. Lamellen zonder violette inslag","Inocybe xanthomelas","1"
"vezelkoppen13","Verse paddenstoel met geur als van bitterkoekjes (bittere amandelen)","Inocybe hirtella","Geur anders","vezelkoppen14","1"
"vezelkoppen14","Hoed bruin tot zwartbruin. Plompe soort","Inocybe splendens","Hoed bleek geelbruin. Slanke soort","Inocybe sindonia","1"
"vezelkoppen15","Steel met gerande knol","vezelkoppen16","Steel zonder gerande knol","vezelkoppen17","1"
"vezelkoppen16","Hoed geel. Steel wit. Geur naar honing","Inocybe cookei","Hoed en steel bruin. Geur spermatisch","Inocybe napipes","1"
"vezelkoppen17","Hoed met opstaande schubben","Inocybe lanuginosa ss. lato","Hoed wollig tot aanliggend schubbig (waarbij de schubjes later wat overeind komen te staan), vezelig of vezelspletig","vezelkoppen18","1"
"vezelkoppen18","Steel fijn tot grof vezelig","vezelkoppen19","Steel glad, aan de top bepoederd, iets harig of vlokkig","vezelkoppen2","1"
"vezelkoppen19","Lamellen met olijftint. Hoed wollig, geelbruin. Steel geelbruin","Inocybe dulcamara ss. lato","Lamellen zonder olijftint. Hoed donkerbruin. Steel zonder gele tinten","vezelkoppen20","1"
"vezelkoppen20","Steel zilvergrijs, vanaf de basis donkerbruin wordend. Hoedcentrum duidelijk donkerder dan de rand","Inocybe curvipes","Steel bruin, bij beschadiging wel donkerder wordend. Hoed eenkleurig","Inocybe lacera","1"
"vezelkoppen21","Lamelsnede sterk wit-vlokkig. Steeltop niet bepoederd","vezelkoppen22","Lamelsnede fijn wit-bewimperd. Steeltop bepoederd","vezelkoppen24","1"
"vezelkoppen22","Hoed schubbig, met plat aanliggende donkerbruine plakjes","Inocybe squamata","Hoed niet schubbig","vezelkoppen23","1"
"vezelkoppen23","Hoed geel tot geelbruin, meestal grof vezelspletig","Inocybe rimosa","Hoed bruin, meestal fijn vezelspletig, soms met witte velumplakjes in centrum","Inocybe maculata","1"
"vezelkoppen24","Hoed vezelspletig","Inocybe fuscidula","Hoed aangedrukt vezelig-schubbig (in ieder geval in het centrum)","Inocybe flocculosa","1"
"vaalhoeden1","Geur duidelijk zoetig, naar oranjebloesem","Hebeloma sacchariolens ss. lato","Geur radijsachtig, niet zoetig","vaalhoeden2","1"
"vaalhoeden2","Jong vruchtlichaam met gordijn. Steel vezelig, vanuit de basis bruin verkleurend. Lamellen nooit tranend","Hebeloma mesophaeum-groep","Jong vruchtlichaam zonder gordijn. Steel wit-vlokkig tot bijna kaal, vanuit de basis niet bruin verkleurend. Lamellen vaak tranend","Hebeloma crustuliniforme ss. lato","1"
"kaalkopjes1","Hoed slijmerig, met overwegend groene tinten","kaalkopjes2","Hoed zonder groene tinten, soms iets olijfbruin","kaalkopjes3","1"
"kaalkopjes2","Sporee violetzwart. Lamellen zwartpurper, met contrasterend witte snede","Stropharia aeruginosa","Sporee bruin. Lamellen bruin, zonder contrasterende snede","Stropharia caerulea","1"
"kaalkopjes3","Steel slijmerig","kaalkopjes4","Steel droog","kaalkopjes5","1"
"kaalkopjes4","Hoed bruingrijs met een violette inslag. Op humus","Stropharia inuncta","Hoed geel. Op mest","Stropharia semiglobata","1"
"kaalkopjes5","Ring aanwezig, soms onduidelijk","kaalkopjes6","Ring afwezig","kaalkopjes8","1"
"kaalkopjes6","Ring onduidelijk. Hoed oranje, slijmerig","Leratiomyces ceres","Ring duidelijk, op de bovenkant gestreept. Hoed geel tot donker bruin, droog","kaalkopjes7","1"
"kaalkopjes7","Hoed klein, tot 6 cm, geel","Stropharia coronilla","Hoed (zeer) groot, tot 20 cm, geelbruin tot roodbruin. Lamellen met opvallende blauwgrijze tint","Stropharia rugosoannulata","1"
"kaalkopjes8","In dichte bundels op hout groeiend","kaalkopjes9","Niet in dichte bundels op hout","kaalkopjes11","1"
"kaalkopjes9","Lamellen grijs. Op naaldhout. Smaak mild","Hypholoma capnoides","Lamellen aanvankelijk niet grijs, maar geelachtig of groenig","kaalkopjes10","1"
"kaalkopjes10","Hoed en steel zwavelgeel. Smaak zeer bitter. Op loof- en naaldhout","Hypholoma fasciculare","Hoed steenrood, aan de rand met gele velumvlokjes. Smaak mild. Op loofhout","Hypholoma lateritium","1"
"kaalkopjes11","Steel opvallend zilverwit. Op hout","Hypholoma dispersum","Steel niet zilverwit. Terrestrisch of op mest","kaalkopjes12","1"
"kaalkopjes12","Hoed spits conisch met opvallende papil. Steel aan de basis blauw verkleurend","Psilocybe semilanceata","Hoed niet zo spits conisch. Steel niet blauw verkleurend","kaalkopjes13","1"
"kaalkopjes13","Op mest groeiend","Deconica coprophila-groep","Niet op mest groeiend","kaalkopjes14","1"
"kaalkopjes14","Hoed met gelatineus afstroopbaar laagje bedekt","Deconica inquilina ss. lato","Hoed zonder gelatineus afstroopbaar laagje","kaalkopjes15","1"
"kaalkopjes15","Tussen mos op droge zandige plaatsen. Hoed klein, donker roodbruin","Deconica montana","Op vochtige standplaatsen","kaalkopjes16","1"
"kaalkopjes16","Hoed met overwegend gele tint","Hypholoma elongatum","Hoed met overwegend bruine tinten","kaalkopjes17","1"
"kaalkopjes17","Hoed doorschijnend gestreept","Hypholoma udum","Hoed niet doorschijnend gestreept","Hypholoma subericaeum-groep","1"
"vlekplaten1","Lamellen bruin. Sporee (donker) bruin","Panaeolina foenisecii","Lamellen en sporee zwart","vlekplaten2","1"
"vlekplaten2","Steel met ring","Panaeolus semiovatus","Steel zonder ring","vlekplaten3","1"
"vlekplaten3","Hoedrand met afhangende witte velumvlokjes","Panaeolus papilionaceus","Hoedrand zonder afhangende velumvlokjes","vlekplaten4","1"
"vlekplaten4","Hoed klokvormig (hoger dan breed)","Panaeolus acuminatus","Hoed convex (breder dan hoog)","vlekplaten5","1"
"vlekplaten5","Steel fors, 3-7 mm dik. Hoed in het midden snel opdrogend en daardoor tweekleurig","Panaeolus cinctulus","Steel dun, 1-3 mm dik. Hoed eenkleurig blijvend, ook bij indrogen","Panaeolus fimicola","1"
"franjehoeden1","In duinzand bij helm","Psathyrella ammophila","Op andere standplaatsen","franjehoeden2","1"
"franjehoeden2","Hoed bleek, met platte bruinige schubben. Steelbasis geel","Psathyrella cotonea","Hoed niet schubbig. Steelbasis niet geel","franjehoeden3","1"
"franjehoeden3","Steel kort wortelend (wortel breekt gemakkelijk af!)","Psathyrella corrugis-groep","Steel niet wortelend","franjehoeden4","1"
"franjehoeden4","Op grote stukken hout (stronken e.d.) groeiend","franjehoeden5","Op de grond of op (begraven) takjes groeiend","franjehoeden8","1"
"franjehoeden5","Kleine tot zeer kleine soort, hoed tot 2 cm","Psathyrella pygmaea","Grotere paddenstoel, hoed 2-10 cm","franjehoeden6","1"
"franjehoeden6","Hoed gelig tot beige, bij opdrogen zeer sterk opblekend en dan vrijwel wit","Psathyrella candolleana","Hoed ook bij opdrogen (licht) bruin","franjehoeden7","1"
"franjehoeden7","Hoedrand zonder velum. Aan de voet of in wondplekken van bomen","Psathyrella spadicea","Hoedrand met wit velum. Op stronken","Psathyrella piluliformis ss. lato","1"
"franjehoeden8","In dichte bundels groeiend","Psathyrella multipedata","Niet in dichte bundels groeiend","franjehoeden9","1"
"franjehoeden9","Hoed bij opdrogen zeer sterk opblekend en dan vrijwel wit","Psathyrella candolleana","Hoed ook bij opdrogen lichtbruin","franjehoeden10","1"
"franjehoeden10","Hoed met fijne donkere haartjes (L!; jonge exemplaren)","Psathyrella conopilus","Hoed niet fijn behaard, kaal of met velum","franjehoeden11","1"
"franjehoeden11","Hoed met grof wittig velum","Psathyrella artemisiae","Hoed met fijn velum, dit spoedig verdwijnend","franjehoeden12","1"
"franjehoeden12","Hoed bij opdrogen tweekleurig, met warm oranjebruin centrum en beigebruin aan de rand","Psathyrella fulvescens-groep","Hoed bij opdrogen min of meer uniform gekleurd","franjehoeden13","1"
"franjehoeden13","Hoed klein, 1-3 cm","franjehoeden14","Hoed groter, 2-7 cm","franjehoeden15","1"
"franjehoeden14","Lamellen rood onderlijnd. Steelbasis met knolletje","Psathyrella prona","Lamellen niet rood onderlijnd. Steelbasis zonder knolletje","Psathyrella panaeoloides","1"
"franjehoeden15","Hoed vlak wordend. Steel gelijkdik","Psathyrella spadiceogrisea-groep","Hoed kegelvormig blijvend. Steel geleidelijk dikker wordend naar de basis","Psathyrella tephrophylla","1"
"spijkerzwammen1","Hoed droog, vezelig","Chroogomphus rutilus","Hoed slijmerig","spijkerzwammen2","1"
"spijkerzwammen2","Hoed roze. Steelbasis wit.","Gomphidius roseus","Hoed grijsbruin. Steelbasis chromaatgeel","Gomphidius glutinosus","1"
"inktzwammen1","Forse paddenstoel. Hoed wit, met grove witte schubben. Steel met ring, hol met dunnen vezelstreng in de steelholte","Coprinus comatus","Niet met deze kenmerken","inktzwammen2","1"
"inktzwammen2","Velum afwezig, hoed volledig kaar. Hoed zeer sterk gegroefg-gepooid, tot 75% van de hoedstaal","inktzwammen3","Velum aanwezig (als poeder, plakjes of vezels), of goedoppervlak heel fijn (L!). Hoed al dan niet gegroefd","inktzwammen4","1"
"inktzwammen3","Hoed tot 2 cm. Op de grond","Parasola plicatilis ss. lato","Hoed tot 0.5 cm. Op mest","Parasola misera","1"
"inktzwammen4","Hoed kaal of met kleine plakjes in het hoedcentrum. Grote paddenstoel, bij rijpheid opvallend vervloeiend","Coprinopsis atramentaria","Hoed met velum of met opstaande fijne haartjes","inktzwammen5","1"
"inktzwammen5","Hoed met wit tot grijs poederig velum. Op mest (inc. konijnenkeutels) groeiend","Coprinopsis nivea-groep","Hoed zonder poederig velum. Op de grond of op hout groeiend","inktzwammen6","1"
"inktzwammen6","Hoedoppervlak met fijna rechtstaande haartjes (L!), zonder velumresten","inktzwammen7","Hoedoppervlak met velumresten bedekt, niet met afstaande haartjes","inktzwammen9","1"
"inktzwammen7","In grote zwemen op stronken van loofhout","Coprinellus disseminatus","Niet in grote zwermmen op stronken","inktzwammen8","1"
"inktzwammen8","Haartjes kleurloos (L!)","Coprinellus congregatus-groep","Haartjes bruin (L!)","Parasola auricoma","1"
"inktzwammen9","Hoed met fijn korrelig velum","inktzwammen10","Hoed met vezelig tot vlokkig velum","inktzwammen11","1"
"inktzwammen10","Velumkorreltjes fijn, glimmerig","Coprinellus micaceus","Velumvlokjes wat groter, niet glimmerig. Steelbasis vaak met oranje vilt","Coprinellus domesticus ss. lato","1"
"inktzwammen11","Hoed aan de rand duidelijk omhoog krullend. velum op steel wit-vlezelig tot wit-wollig","Coprinopsis lagopus","Hoedrand niet omhoog krullend. Steel niet zo wollig","Coprinopsis friesii-groep","1"
"champignons1","Oppervlak van steelbasis chromaatgeel verkleuring bij kleuzing. Vlees met carbolgeur","champignons2","Oppervlak van steelbasis niet opvallend geel. Vlees zonder carbolgeur","champignons3","1"
"champignons2","Hoed glad, wit","Agaricus xanthoderma","Hoed grijsbruin schubbig op bleke ondergrond","Agaricus moelleri","1"
"champignons3","Geur naar anijs, bittere amandelen of bitterkoekjes. Vlees(en hoedoppervlak, na kneuzing) aan de lucht geel verkleurend","champignons4","Geur afwezig of champignonachtig. Vlees aan de lucht niet verkleurend, ofwel roze of rood wordend","champignons7","1"
"champignons4","Hoed wittig","champignons5","Hoed gekleurd, met duidelijk donkerder vezeltjes","champignons6","1"
"champignons5","Steel met opvallende abrupte knol. Ring dun, vliezog","Agaricus silvicola","Steel gelijkdik tot wat opgezwollen, noot met abrupte knol. Ring stevig","Agaricus arvensis ss. lato","1"
"champignons6","Hoed zeer groot, 10-25 cm, gelig, met bruine schubben","Agaricus augustus","Hoeddiameter minder dan 6 cmn met wijnkleurige vezels of schubjes","Agaricus semotus-groep","1"
"champignons7","Hoed bruin, ± duidelijk grof vezelig-schubbig","champignons8","Hoed wittig, niet schubbig","champignons11","1"
"champignons8","Vlees aan de lucht sterk bloedrood verkeurend","Agaricus silvaticus","Vlees aan de lucht niet verkleurend of hoogstens lichtroze wordend","champignons9","1"
"champignons9","Ring aan bovenzijde gestreept","Agaricus subperonatus","Ring aan bovenzijde niet gestreept","champignons10","1"
"champignons10","Ring dun, hangend","Agaricus brunneolus","Ring dik","Agaricus bisporus","1"
"champignons11","Steel met dubbele ring","Agaricus bitorquis","Steel met enkele ring","champignons12","1"
"champignons12","Ring dik","Agaricus bisporus [gekweekte variant]","Ring dun","Agaricus campestris","1"
"cantharellen1","Onderzijde met echte, gevorkte lamellen. Geurloos","Hygrophoropsis aurantiaca","Onderzijde met meer of minder duidelijk ontwikkelde dikkige aders, nooit met echte lamellen. Zoetgeurend, als abrikoos","cantharellen2","1"
"cantharellen2","Hoed, steel en onderzijde grijs tot bruin","Pseudocraterellus undulatus","Met overwegend gele tinten","cantharellen3","1"
"cantharellen3","Vlees dik. Hoed dooiergeel","Cantharellus cibarius","Vlees dun. Hoed bruin tot bruingeel","Cantharellus tubaeformis","1"
